"LANG","complexityoflanguages","costoflanguages","syn_index","type"
"BASQUE",7,1.69635284139101,0,"natural"
"BULGARIAN",5,2.33009708737864,1,"natural"
"CATALAN",5,2.09132101777623,0,"natural"
"CHINESE",6,1.4903129657228,0,"natural"
"DUTCH",4,2.30769230769231,1,"natural"
"ENGLISH",4,1.98347107438017,0,"natural"
"FINNISH",7,1.6750418760469,0,"natural"
"FRENCH",7,2.20426157237325,2,"natural"
"GEORGIAN",9,2.21729490022173,1,"natural"
"GERMAN",4,2.60699543775798,2,"natural"
"GREEK",7,2.89855072463768,1,"natural"
"HAUSA",3,2.82352941176471,0,"natural"
"HEBREW",6,2.16489265740574,1,"natural"
"HINDI",3,3.52941176470588,1,"natural"
"HUNGARIAN",4,1.98347107438017,0,"natural"
"ICELAND",10,1.3953488372093,1,"natural"
"IRISH",4,2.71186440677966,2,"natural"
"ITALIAN",5,2.09132101777623,0,"natural"
"JAPANESE",5,2.09132101777623,0,"natural"
"KANNADA",6,1.79694519317161,0,"natural"
"KAZAKH",5,1.93174500965873,2,"natural"
"KOREAN",5,2.09132101777623,0,"natural"
"LATIN",11,1.20772946859903,1,"natural"
"LATVIAN",4,1.98347107438017,0,"natural"
"LEZGIAN",5,2.09132101777623,0,"natural"
"LITHUANIAN",11,1.50489089541008,1,"natural"
"MALTESE",3,2.63042525208242,0,"natural"
"NANAY",7,2.34925606891151,0,"natural"
"OSSETIC",6,1.68918918918919,0,"natural"
"PERSIAN",3,2.63042525208242,0,"natural"
"POLISH",4,1.98347107438017,0,"natural"
"PORTUG",5,2.86157147967092,3,"natural"
"QUECHUA",3,3.22234156820623,0,"natural"
"ROMANIAN",5,2.09132101777623,0,"natural"
"RUSSIAN",16,1.26568927328341,3,"natural"
"SERBIAN",7,1.70672735030579,1,"natural"
"SWAHILI",3,2.82352941176471,0,"natural"
"SWEDISH",7,2.29357798165138,0,"natural"
"TURKISH",5,2.59347309271666,2,"natural"
"YAKUT",6,1.75953079178886,1,"natural"
"fl1000",6,2.90135396518375,0,"artificial"
"fl10000",2,10.2040816326531,0,"artificial"
"fl1004",3,4.84261501210654,0,"artificial"
"fl1012",4,5.31914893617021,0,"artificial"
"fl1019",4,2.43664717348928,0,"artificial"
"fl102",2,5.81395348837209,0,"artificial"
"fl1024",3,5.81395348837209,0,"artificial"
"fl1030",3,4.84261501210654,0,"artificial"
"fl104",5,4.8721071863581,0,"artificial"
"fl1041",3,5.92885375494071,0,"artificial"
"fl1044",8,2.9747149231532,0,"artificial"
"fl1056",5,6.78733031674208,0,"artificial"
"fl1057",2,5.81395348837209,0,"artificial"
"fl1063",6,2.31660231660232,0,"artificial"
"fl1066",4,2.60078023407022,0,"artificial"
"fl1073",1,4.77326968973747,0,"artificial"
"fl1083",5,4.8721071863581,0,"artificial"
"fl1116",5,5.87084148727984,0,"artificial"
"fl1129",3,11.1731843575419,0,"artificial"
"fl1158",5,3.19488817891374,0,"artificial"
"fl1167",4,5.31914893617021,0,"artificial"
"fl1174",6,3.97877984084881,0,"artificial"
"fl1176",8,2.10526315789474,0,"artificial"
"fl1179",7,3.37837837837838,0,"artificial"
"fl1200",2,6.7842605156038,0,"artificial"
"fl1203",2,6.7842605156038,0,"artificial"
"fl1214",5,6.78733031674208,0,"artificial"
"fl1230",2,6,0,"artificial"
"fl1231",3,6.25978090766823,0,"artificial"
"fl1234",4,4.05405405405405,0,"artificial"
"fl1246",8,2.01072386058981,0,"artificial"
"fl1247",2,4.70588235294118,0,"artificial"
"fl1249",4,4.90196078431372,0,"artificial"
"fl1255",2,6.7842605156038,0,"artificial"
"fl126",3,6.09756097560976,0,"artificial"
"fl1260",4,4.05405405405405,0,"artificial"
"fl1270",5,6.78733031674208,0,"artificial"
"fl1271",2,12.3456790123457,0,"artificial"
"fl1283",2,3.42857142857143,0,"artificial"
"fl1310",4,6.78733031674208,0,"artificial"
"fl1321",3,5.92885375494071,0,"artificial"
"fl1332",3,6.09756097560976,0,"artificial"
"fl1346",6,6.75675675675676,0,"artificial"
"fl1350",2,3.80228136882129,0,"artificial"
"fl1361",6,6.75675675675676,0,"artificial"
"fl1366",3,3.05810397553517,0,"artificial"
"fl1385",4,11.1731843575419,0,"artificial"
"fl1389",5,9.11854103343465,0,"artificial"
"fl1396",6,6.75675675675676,0,"artificial"
"fl141",1,5.21739130434783,0,"artificial"
"fl1426",3,8.65800865800866,0,"artificial"
"fl143",1,4.77326968973747,0,"artificial"
"fl1433",3,11.1731843575419,0,"artificial"
"fl1435",5,4.90196078431372,0,"artificial"
"fl1436",2,4.19287211740042,0,"artificial"
"fl1441",5,3.38983050847458,0,"artificial"
"fl1443",3,5.20156046814044,0,"artificial"
"fl1448",3,6.81431005110733,0,"artificial"
"fl1458",5,4.90196078431372,0,"artificial"
"fl1464",5,6.75675675675676,0,"artificial"
"fl1480",2,8.65800865800866,0,"artificial"
"fl1489",3,11.5384615384615,0,"artificial"
"fl149",5,3.74531835205992,0,"artificial"
"fl1493",3,6.07287449392713,0,"artificial"
"fl1519",3,3.05810397553517,0,"artificial"
"fl1526",3,7.64818355640535,0,"artificial"
"fl1532",3,3.05810397553517,0,"artificial"
"fl1540",4,6.13496932515337,0,"artificial"
"fl1554",2,4.70588235294118,0,"artificial"
"fl1556",7,3.31125827814569,0,"artificial"
"fl1569",5,3.95256916996047,0,"artificial"
"fl1570",1,5.21739130434783,0,"artificial"
"fl1580",4,5.37634408602151,0,"artificial"
"fl1588",2,10.2040816326531,0,"artificial"
"fl159",11,3,0,"artificial"
"fl1590",6,2.38663484486874,0,"artificial"
"fl1591",2,5.44069640914037,0,"artificial"
"fl1594",4,6.78733031674208,0,"artificial"
"fl1596",7,2.59179265658747,0,"artificial"
"fl1604",1,5.21739130434783,0,"artificial"
"fl1606",3,8.65800865800866,0,"artificial"
"fl1614",2,5.44069640914037,0,"artificial"
"fl1615",2,12.3456790123457,0,"artificial"
"fl1617",4,6.07287449392713,0,"artificial"
"fl1635",6,3.82409177820268,0,"artificial"
"fl1638",3,8.65800865800866,0,"artificial"
"fl1640",3,2.75862068965517,0,"artificial"
"fl167",7,2.14132762312634,0,"artificial"
"fl1678",2,4.70588235294118,0,"artificial"
"fl1686",6,3.82409177820268,0,"artificial"
"fl1694",3,6.81431005110733,0,"artificial"
"fl1700",5,5.87084148727984,0,"artificial"
"fl171",3,6.25978090766823,0,"artificial"
"fl1716",4,11.1731843575419,0,"artificial"
"fl1717",3,8.06451612903226,0,"artificial"
"fl1718",2,5.20156046814044,0,"artificial"
"fl1722",1,4.77326968973747,0,"artificial"
"fl1724",5,3.38983050847458,0,"artificial"
"fl1725",4,6.07287449392713,0,"artificial"
"fl1727",2,5.44069640914037,0,"artificial"
"fl1733",2,5.44069640914037,0,"artificial"
"fl1738",4,7.42942050520059,0,"artificial"
"fl174",2,4.70588235294118,0,"artificial"
"fl1741",3,11.1731843575419,0,"artificial"
"fl1751",5,5.87084148727984,0,"artificial"
"fl1757",4,11.1731843575419,0,"artificial"
"fl1769",2,3.125,0,"artificial"
"fl1796",2,8.65800865800866,0,"artificial"
"fl1829",2,10.2040816326531,0,"artificial"
"fl1834",4,4.05405405405405,0,"artificial"
"fl1835",3,5.54323725055432,0,"artificial"
"fl1838",5,2.45098039215686,0,"artificial"
"fl1839",2,6.7842605156038,0,"artificial"
"fl186",3,3.05810397553517,0,"artificial"
"fl1861",5,4.90196078431372,0,"artificial"
"fl1864",1,5.44069640914037,0,"artificial"
"fl1879",5,4.4709388971684,0,"artificial"
"fl1886",4,5.92885375494071,0,"artificial"
"fl1889",4,5.31914893617021,0,"artificial"
"fl1892",2,4.19287211740042,0,"artificial"
"fl1895",1,5.21739130434783,0,"artificial"
"fl1906",4,4.8721071863581,0,"artificial"
"fl1916",5,4.00534045393858,0,"artificial"
"fl1929",6,5.24475524475525,0,"artificial"
"fl1936",1,6.66666666666667,0,"artificial"
"fl194",3,11.1731843575419,0,"artificial"
"fl1944",4,6.13496932515337,0,"artificial"
"fl1954",4,4.05405405405405,0,"artificial"
"fl1960",6,2.97619047619048,0,"artificial"
"fl197",6,2.7359781121751,0,"artificial"
"fl1976",4,2.72479564032698,0,"artificial"
"fl20",4,5.54016620498615,0,"artificial"
"fl2011",3,2.74977085242896,0,"artificial"
"fl2026",4,7.42942050520059,0,"artificial"
"fl2031",3,11.5384615384615,0,"artificial"
"fl2035",6,2.65957446808511,0,"artificial"
"fl2038",5,4.8721071863581,0,"artificial"
"fl2045",3,5.92885375494071,0,"artificial"
"fl2047",5,9.11854103343465,0,"artificial"
"fl2048",1,5.44069640914037,0,"artificial"
"fl2052",2,5.81395348837209,0,"artificial"
"fl2065",4,5.54016620498615,0,"artificial"
"fl2075",9,1.44404332129964,0,"artificial"
"fl2077",2,6.7842605156038,0,"artificial"
"fl2080",1,4.77326968973747,0,"artificial"
"fl2085",3,8.06451612903226,0,"artificial"
"fl2087",1,12.3456790123457,0,"artificial"
"fl21",2,9.61538461538461,0,"artificial"
"fl2107",4,6.78733031674208,0,"artificial"
"fl2110",4,5.54016620498615,0,"artificial"
"fl2112",2,6.09756097560976,0,"artificial"
"fl2116",3,5.37634408602151,0,"artificial"
"fl2118",2,6.7842605156038,0,"artificial"
"fl2119",2,5.81395348837209,0,"artificial"
"fl2125",3,5.37634408602151,0,"artificial"
"fl2131",2,5.81395348837209,0,"artificial"
"fl2132",2,4.70588235294118,0,"artificial"
"fl2149",2,3.80228136882129,0,"artificial"
"fl2150",5,6.78733031674208,0,"artificial"
"fl2154",2,4.70588235294118,0,"artificial"
"fl2160",4,7.42942050520059,0,"artificial"
"fl2176",3,3.05810397553517,0,"artificial"
"fl2180",2,6.09756097560976,0,"artificial"
"fl2182",2,4.70588235294118,0,"artificial"
"fl2186",4,5.37634408602151,0,"artificial"
"fl220",8,2.01072386058981,0,"artificial"
"fl2228",1,7.05882352941176,0,"artificial"
"fl2230",2,3.80228136882129,0,"artificial"
"fl2240",3,8.06451612903226,0,"artificial"
"fl2244",6,2.00400801603206,0,"artificial"
"fl2248",1,5.44069640914037,0,"artificial"
"fl225",2,4.19287211740042,0,"artificial"
"fl2250",3,4.84261501210654,0,"artificial"
"fl2254",4,4.8721071863581,0,"artificial"
"fl2299",1,4.77326968973747,0,"artificial"
"fl23",6,6.75675675675676,0,"artificial"
"fl2339",4,9.75609756097561,0,"artificial"
"fl2351",2,6.7842605156038,0,"artificial"
"fl2353",4,7.42942050520059,0,"artificial"
"fl2371",3,7.64818355640535,0,"artificial"
"fl2372",5,3.38983050847458,0,"artificial"
"fl2377",2,10.2040816326531,0,"artificial"
"fl2380",2,3.80228136882129,0,"artificial"
"fl2383",8,2.43605359317905,0,"artificial"
"fl239",5,6.78733031674208,0,"artificial"
"fl2396",4,6.13496932515337,0,"artificial"
"fl2408",4,4.17536534446764,0,"artificial"
"fl2413",4,4.90196078431372,0,"artificial"
"fl2415",3,5.37634408602151,0,"artificial"
"fl2437",3,11.1731843575419,0,"artificial"
"fl2446",6,3.51906158357771,0,"artificial"
"fl2451",7,2.54452926208651,0,"artificial"
"fl2452",5,6.78733031674208,0,"artificial"
"fl2473",5,5.87084148727984,0,"artificial"
"fl2474",2,4.70588235294118,0,"artificial"
"fl2487",2,10.2040816326531,0,"artificial"
"fl25",2,4.32900432900433,0,"artificial"
"fl2516",3,6.81431005110733,0,"artificial"
"fl2521",3,11.1731843575419,0,"artificial"
"fl2526",2,5.44069640914037,0,"artificial"
"fl2528",4,5.37634408602151,0,"artificial"
"fl2536",5,3.38983050847458,0,"artificial"
"fl2543",5,3.80710659898477,0,"artificial"
"fl2550",4,4.05405405405405,0,"artificial"
"fl2586",4,6.13496932515337,0,"artificial"
"fl2594",2,6.7842605156038,0,"artificial"
"fl2597",6,3.97877984084881,0,"artificial"
"fl2599",2,8.65800865800866,0,"artificial"
"fl2607",6,3.4965034965035,0,"artificial"
"fl261",3,4.84261501210654,0,"artificial"
"fl2610",6,4.4709388971684,0,"artificial"
"fl2615",4,5.54016620498615,0,"artificial"
"fl2618",5,3.04878048780488,0,"artificial"
"fl2628",4,5.54016620498615,0,"artificial"
"fl2629",4,4.90196078431372,0,"artificial"
"fl2645",4,7.42942050520059,0,"artificial"
"fl2646",6,3.51493848857645,0,"artificial"
"fl2648",5,3.04878048780488,0,"artificial"
"fl2649",4,5.54016620498615,0,"artificial"
"fl2658",4,6.78733031674208,0,"artificial"
"fl2659",3,4.84261501210654,0,"artificial"
"fl2666",5,3.38983050847458,0,"artificial"
"fl2669",2,6.7842605156038,0,"artificial"
"fl2670",4,6.07287449392713,0,"artificial"
"fl2684",4,5.54016620498615,0,"artificial"
"fl2685",6,6.75675675675676,0,"artificial"
"fl2698",1,12.3456790123457,0,"artificial"
"fl2700",3,11.5384615384615,0,"artificial"
"fl271",4,7.42942050520059,0,"artificial"
"fl2710",4,6.07287449392713,0,"artificial"
"fl2722",2,8.65800865800866,0,"artificial"
"fl2731",3,8.06451612903226,0,"artificial"
"fl2735",2,12.3456790123457,0,"artificial"
"fl2739",2,5.20156046814044,0,"artificial"
"fl274",2,6.95652173913043,0,"artificial"
"fl2743",3,8.65800865800866,0,"artificial"
"fl2749",1,6.66666666666667,0,"artificial"
"fl2752",3,6.81431005110733,0,"artificial"
"fl2753",4,6.13496932515337,0,"artificial"
"fl2760",3,5.81395348837209,0,"artificial"
"fl2766",2,4.19287211740042,0,"artificial"
"fl2770",2,6,0,"artificial"
"fl2778",6,4.4709388971684,0,"artificial"
"fl2801",5,4.4709388971684,0,"artificial"
"fl2814",2,4.32900432900433,0,"artificial"
"fl2816",4,6.13496932515337,0,"artificial"
"fl2824",2,5.20156046814044,0,"artificial"
"fl2831",4,4.90196078431372,0,"artificial"
"fl2837",3,6.81431005110733,0,"artificial"
"fl2843",2,6.95652173913043,0,"artificial"
"fl2851",5,4.90196078431372,0,"artificial"
"fl2855",3,5.20156046814044,0,"artificial"
"fl2865",4,5.54016620498615,0,"artificial"
"fl2868",3,6.81431005110733,0,"artificial"
"fl2877",2,6.95652173913043,0,"artificial"
"fl2879",5,9.11854103343465,0,"artificial"
"fl289",2,12.3456790123457,0,"artificial"
"fl2892",1,4.77326968973747,0,"artificial"
"fl2896",4,5.37634408602151,0,"artificial"
"fl290",2,6.95652173913043,0,"artificial"
"fl2901",2,5.20156046814044,0,"artificial"
"fl2902",3,5.92885375494071,0,"artificial"
"fl2904",4,6.13496932515337,0,"artificial"
"fl2909",3,5.20156046814044,0,"artificial"
"fl2928",5,3.38983050847458,0,"artificial"
"fl2939",5,2.25988700564972,0,"artificial"
"fl2946",6,6.75675675675676,0,"artificial"
"fl2951",1,7.05882352941176,0,"artificial"
"fl2953",2,8.65800865800866,0,"artificial"
"fl2958",4,5.54016620498615,0,"artificial"
"fl2959",3,5.54323725055432,0,"artificial"
"fl2964",4,9.11854103343465,0,"artificial"
"fl299",4,9.75609756097561,0,"artificial"
"fl2992",1,12.3456790123457,0,"artificial"
"fl2996",3,5.37634408602151,0,"artificial"
"fl2997",5,4.8721071863581,0,"artificial"
"fl3009",3,4.84261501210654,0,"artificial"
"fl302",2,4.36046511627907,0,"artificial"
"fl3023",3,2.74977085242896,0,"artificial"
"fl3033",5,3.38983050847458,0,"artificial"
"fl3035",2,12.3456790123457,0,"artificial"
"fl3069",5,3.38983050847458,0,"artificial"
"fl3070",4,9.75609756097561,0,"artificial"
"fl3071",2,5.44069640914037,0,"artificial"
"fl3082",3,6.09756097560976,0,"artificial"
"fl3089",5,5.87084148727984,0,"artificial"
"fl3098",2,4.36046511627907,0,"artificial"
"fl3099",4,1.99401794616152,0,"artificial"
"fl3108",3,7.64818355640535,0,"artificial"
"fl311",4,4.05405405405405,0,"artificial"
"fl3113",1,5.44069640914037,0,"artificial"
"fl3116",4,4.90196078431372,0,"artificial"
"fl3124",4,2.77008310249307,0,"artificial"
"fl313",2,9.61538461538461,0,"artificial"
"fl3140",1,12.3456790123457,0,"artificial"
"fl3156",3,6.07287449392713,0,"artificial"
"fl317",1,5.21739130434783,0,"artificial"
"fl3178",1,7.05882352941176,0,"artificial"
"fl318",5,1.87090739008419,0,"artificial"
"fl3186",3,11.1731843575419,0,"artificial"
"fl3193",1,5.88235294117647,0,"artificial"
"fl3213",1,4.77326968973747,0,"artificial"
"fl3237",3,11.1731843575419,0,"artificial"
"fl3238",1,5.21739130434783,0,"artificial"
"fl3246",4,9.75609756097561,0,"artificial"
"fl327",5,3.38983050847458,0,"artificial"
"fl3282",3,6.07287449392713,0,"artificial"
"fl3289",1,5.21739130434783,0,"artificial"
"fl3291",3,3.05810397553517,0,"artificial"
"fl3300",3,6.25978090766823,0,"artificial"
"fl3309",4,5.37634408602151,0,"artificial"
"fl3310",5,4.4709388971684,0,"artificial"
"fl3314",3,8.06451612903226,0,"artificial"
"fl3316",3,4.84261501210654,0,"artificial"
"fl3317",3,6.09756097560976,0,"artificial"
"fl333",5,4.8721071863581,0,"artificial"
"fl3346",3,5.20156046814044,0,"artificial"
"fl3347",5,6.78733031674208,0,"artificial"
"fl3350",5,9.11854103343465,0,"artificial"
"fl3351",3,6.07287449392713,0,"artificial"
"fl3352",3,6.81431005110733,0,"artificial"
"fl3354",4,6.07287449392713,0,"artificial"
"fl3360",4,5.54016620498615,0,"artificial"
"fl3367",1,7.05882352941176,0,"artificial"
"fl3370",3,3.05810397553517,0,"artificial"
"fl3378",6,4.4709388971684,0,"artificial"
"fl3379",3,11.5384615384615,0,"artificial"
"fl338",4,6.78733031674208,0,"artificial"
"fl3388",1,5.21739130434783,0,"artificial"
"fl3394",4,9.11854103343465,0,"artificial"
"fl3395",3,7.64818355640535,0,"artificial"
"fl34",2,10.2040816326531,0,"artificial"
"fl3407",5,3.38983050847458,0,"artificial"
"fl3419",5,5.87084148727984,0,"artificial"
"fl3421",3,5.37634408602151,0,"artificial"
"fl3451",2,6,0,"artificial"
"fl3454",2,4.36046511627907,0,"artificial"
"fl3468",4,5.31914893617021,0,"artificial"
"fl3474",4,9.11854103343465,0,"artificial"
"fl3484",1,12.3456790123457,0,"artificial"
"fl3490",3,8.65800865800866,0,"artificial"
"fl3506",5,4.4709388971684,0,"artificial"
"fl3508",3,6.09756097560976,0,"artificial"
"fl3513",2,12.3456790123457,0,"artificial"
"fl3514",5,4.4709388971684,0,"artificial"
"fl3515",5,4.4709388971684,0,"artificial"
"fl3521",1,5.21739130434783,0,"artificial"
"fl3523",2,8.65800865800866,0,"artificial"
"fl3531",2,4.70588235294118,0,"artificial"
"fl354",3,11.5384615384615,0,"artificial"
"fl3546",3,6.25978090766823,0,"artificial"
"fl3558",4,6.07287449392713,0,"artificial"
"fl3576",2,6.7842605156038,0,"artificial"
"fl359",4,5.58659217877095,0,"artificial"
"fl3605",2,4.19287211740042,0,"artificial"
"fl3608",5,6.78733031674208,0,"artificial"
"fl3622",5,4.8721071863581,0,"artificial"
"fl3623",2,9.61538461538461,0,"artificial"
"fl3631",8,2.10822206605762,0,"artificial"
"fl3642",4,11.1731843575419,0,"artificial"
"fl3643",5,4.90196078431372,0,"artificial"
"fl3650",2,4.70588235294118,0,"artificial"
"fl367",2,6,0,"artificial"
"fl3672",3,6.81431005110733,0,"artificial"
"fl3685",5,4.8721071863581,0,"artificial"
"fl3691",2,6,0,"artificial"
"fl3693",4,9.75609756097561,0,"artificial"
"fl3707",3,6.09756097560976,0,"artificial"
"fl3741",3,3.05810397553517,0,"artificial"
"fl376",8,3.10880829015544,0,"artificial"
"fl378",4,4.05405405405405,0,"artificial"
"fl3794",9,2.60078023407022,0,"artificial"
"fl38",2,5.20156046814044,0,"artificial"
"fl3800",6,6.75675675675676,0,"artificial"
"fl381",4,4.8721071863581,0,"artificial"
"fl3814",4,9.11854103343465,0,"artificial"
"fl3831",3,6.07287449392713,0,"artificial"
"fl3848",2,6.95652173913043,0,"artificial"
"fl3849",1,4.77326968973747,0,"artificial"
"fl386",4,7.42942050520059,0,"artificial"
"fl3868",9,3.18809776833156,0,"artificial"
"fl3888",2,6.7842605156038,0,"artificial"
"fl3895",4,4.8721071863581,0,"artificial"
"fl3914",5,3.49344978165939,0,"artificial"
"fl3928",4,6.13496932515337,0,"artificial"
"fl393",2,6.7842605156038,0,"artificial"
"fl3934",3,6.09756097560976,0,"artificial"
"fl3959",4,11.1731843575419,0,"artificial"
"fl3976",2,6,0,"artificial"
"fl3990",5,3.38983050847458,0,"artificial"
"fl40",1,5.21739130434783,0,"artificial"
"fl4004",2,4.36046511627907,0,"artificial"
"fl4007",4,6.07287449392713,0,"artificial"
"fl4027",4,4.90196078431372,0,"artificial"
"fl4030",3,3.05810397553517,0,"artificial"
"fl404",4,4.8721071863581,0,"artificial"
"fl405",2,3.80228136882129,0,"artificial"
"fl4062",3,3.05810397553517,0,"artificial"
"fl4068",1,12.3456790123457,0,"artificial"
"fl4072",4,5.08905852417303,0,"artificial"
"fl4075",2,9.61538461538461,0,"artificial"
"fl4077",2,6,0,"artificial"
"fl4081",2,6,0,"artificial"
"fl4088",1,12.3456790123457,0,"artificial"
"fl409",3,3.05810397553517,0,"artificial"
"fl4111",6,2.38663484486874,0,"artificial"
"fl4123",3,5.37634408602151,0,"artificial"
"fl4128",4,5.54016620498615,0,"artificial"
"fl414",5,2.45098039215686,0,"artificial"
"fl4157",3,6.07287449392713,0,"artificial"
"fl4160",4,6.07287449392713,0,"artificial"
"fl4169",5,4.8721071863581,0,"artificial"
"fl4193",4,7.42942050520059,0,"artificial"
"fl4197",2,5.44069640914037,0,"artificial"
"fl420",3,6.07287449392713,0,"artificial"
"fl4207",5,6.78733031674208,0,"artificial"
"fl4224",3,8.65800865800866,0,"artificial"
"fl4243",5,9.11854103343465,0,"artificial"
"fl4249",1,4.77326968973747,0,"artificial"
"fl425",3,3.66748166259169,0,"artificial"
"fl4262",2,9.61538461538461,0,"artificial"
"fl4275",3,4.84261501210654,0,"artificial"
"fl4277",6,3,0,"artificial"
"fl428",2,12.3456790123457,0,"artificial"
"fl4288",3,5.92885375494071,0,"artificial"
"fl4301",3,6.25978090766823,0,"artificial"
"fl4306",3,3.05810397553517,0,"artificial"
"fl4326",2,3.80228136882129,0,"artificial"
"fl4329",2,12.3456790123457,0,"artificial"
"fl4330",5,3.19488817891374,0,"artificial"
"fl4335",2,12.3456790123457,0,"artificial"
"fl4340",5,5.87084148727984,0,"artificial"
"fl4348",4,2.09643605870021,0,"artificial"
"fl4358",6,4.4709388971684,0,"artificial"
"fl4362",2,5.81395348837209,0,"artificial"
"fl4365",1,7.05882352941176,0,"artificial"
"fl4374",2,5.81395348837209,0,"artificial"
"fl4381",4,6.13496932515337,0,"artificial"
"fl4384",5,6.78733031674208,0,"artificial"
"fl4406",2,4.36046511627907,0,"artificial"
"fl4407",4,9.11854103343465,0,"artificial"
"fl4420",5,4.8721071863581,0,"artificial"
"fl4425",5,4.90196078431372,0,"artificial"
"fl4431",5,6.75675675675676,0,"artificial"
"fl4440",5,4.4709388971684,0,"artificial"
"fl4441",1,7.05882352941176,0,"artificial"
"fl4461",3,8.06451612903226,0,"artificial"
"fl447",4,7.42942050520059,0,"artificial"
"fl4493",2,5.81395348837209,0,"artificial"
"fl4505",3,5.54323725055432,0,"artificial"
"fl4510",6,6.75675675675676,0,"artificial"
"fl4523",3,5.54323725055432,0,"artificial"
"fl4529",3,5.20156046814044,0,"artificial"
"fl4544",2,6.95652173913043,0,"artificial"
"fl4549",5,4.90196078431372,0,"artificial"
"fl4556",1,12.3456790123457,0,"artificial"
"fl4558",4,5.54016620498615,0,"artificial"
"fl4572",6,6.75675675675676,0,"artificial"
"fl458",4,4.90196078431372,0,"artificial"
"fl4589",3,11.5384615384615,0,"artificial"
"fl4594",2,4.36046511627907,0,"artificial"
"fl4610",5,4.8721071863581,0,"artificial"
"fl4612",5,5.86510263929619,0,"artificial"
"fl4617",5,5.87084148727984,0,"artificial"
"fl4621",4,5.92885375494071,0,"artificial"
"fl4627",1,6.66666666666667,0,"artificial"
"fl4628",2,5.81395348837209,0,"artificial"
"fl4631",6,3.80710659898477,0,"artificial"
"fl4634",4,5.31914893617021,0,"artificial"
"fl4641",2,8.65800865800866,0,"artificial"
"fl4660",4,5.54016620498615,0,"artificial"
"fl4664",1,12.3456790123457,0,"artificial"
"fl467",3,8.65800865800866,0,"artificial"
"fl4680",2,6.95652173913043,0,"artificial"
"fl4690",3,5.54323725055432,0,"artificial"
"fl47",4,2.72479564032698,0,"artificial"
"fl4705",1,5.44069640914037,0,"artificial"
"fl4707",3,8.65800865800866,0,"artificial"
"fl4727",1,6.66666666666667,0,"artificial"
"fl4735",9,2.7124773960217,0,"artificial"
"fl4760",4,4.05405405405405,0,"artificial"
"fl4764",3,7.64818355640535,0,"artificial"
"fl478",4,5.31914893617021,0,"artificial"
"fl4781",5,4.4709388971684,0,"artificial"
"fl4826",4,9.11854103343465,0,"artificial"
"fl4834",7,2.7063599458728,0,"artificial"
"fl4838",5,4.90196078431372,0,"artificial"
"fl4850",2,6.95652173913043,0,"artificial"
"fl486",5,6.75675675675676,0,"artificial"
"fl4866",3,11.5384615384615,0,"artificial"
"fl4868",9,2.60078023407022,0,"artificial"
"fl4874",4,11.1731843575419,0,"artificial"
"fl4878",5,9.11854103343465,0,"artificial"
"fl4889",4,9.11854103343465,0,"artificial"
"fl4893",2,9.61538461538461,0,"artificial"
"fl4911",4,4.90196078431372,0,"artificial"
"fl4912",2,12.3456790123457,0,"artificial"
"fl4920",2,10.2040816326531,0,"artificial"
"fl4928",4,4.05405405405405,0,"artificial"
"fl4930",5,4.90196078431372,0,"artificial"
"fl4936",2,4.70588235294118,0,"artificial"
"fl4938",4,6.07287449392713,0,"artificial"
"fl4955",3,3.05810397553517,0,"artificial"
"fl4959",6,6.75675675675676,0,"artificial"
"fl4968",2,5.44069640914037,0,"artificial"
"fl497",5,3.38983050847458,0,"artificial"
"fl4970",3,5.81395348837209,0,"artificial"
"fl4972",2,4.36046511627907,0,"artificial"
"fl4974",1,12.3456790123457,0,"artificial"
"fl5003",5,3.87972841901067,0,"artificial"
"fl5005",2,5.81395348837209,0,"artificial"
"fl5010",4,11.1731843575419,0,"artificial"
"fl5022",3,6.81431005110733,0,"artificial"
"fl5036",2,5.20156046814044,0,"artificial"
"fl5042",3,5.20156046814044,0,"artificial"
"fl5045",5,6.78733031674208,0,"artificial"
"fl5052",5,5.87084148727984,0,"artificial"
"fl5064",4,7.42942050520059,0,"artificial"
"fl5065",2,5.81395348837209,0,"artificial"
"fl5067",3,11.5384615384615,0,"artificial"
"fl5086",2,6.95652173913043,0,"artificial"
"fl5095",4,7.42942050520059,0,"artificial"
"fl5098",2,12.3456790123457,0,"artificial"
"fl5101",6,3.51493848857645,0,"artificial"
"fl5109",5,9.11854103343465,0,"artificial"
"fl5110",5,9.11854103343465,0,"artificial"
"fl5112",4,6.07287449392713,0,"artificial"
"fl5113",1,12.3456790123457,0,"artificial"
"fl5126",2,5.20156046814044,0,"artificial"
"fl5128",9,2.87631831255992,0,"artificial"
"fl5141",7,3.04878048780488,0,"artificial"
"fl5159",5,6.78733031674208,0,"artificial"
"fl5165",1,12.3456790123457,0,"artificial"
"fl5168",1,12.3456790123457,0,"artificial"
"fl5175",4,9.75609756097561,0,"artificial"
"fl52",3,5.20156046814044,0,"artificial"
"fl5213",4,5.37634408602151,0,"artificial"
"fl5218",6,4.36681222707424,0,"artificial"
"fl522",6,3.52112676056338,0,"artificial"
"fl5220",3,11.5384615384615,0,"artificial"
"fl5230",5,5.87084148727984,0,"artificial"
"fl524",4,4.05405405405405,0,"artificial"
"fl5240",4,11.1731843575419,0,"artificial"
"fl5241",8,2.91120815138282,0,"artificial"
"fl5281",3,4.84261501210654,0,"artificial"
"fl5286",1,5.21739130434783,0,"artificial"
"fl5302",2,5.81395348837209,0,"artificial"
"fl5304",1,5.44069640914037,0,"artificial"
"fl5306",4,3.24939073923639,0,"artificial"
"fl5309",1,5.44069640914037,0,"artificial"
"fl531",1,12.3456790123457,0,"artificial"
"fl532",4,9.75609756097561,0,"artificial"
"fl5320",3,6.25978090766823,0,"artificial"
"fl5325",2,3.80228136882129,0,"artificial"
"fl5330",2,3.80228136882129,0,"artificial"
"fl5331",3,8.06451612903226,0,"artificial"
"fl5333",2,4.19287211740042,0,"artificial"
"fl5336",8,2.60078023407022,0,"artificial"
"fl5341",5,3.52112676056338,0,"artificial"
"fl5355",5,6.78733031674208,0,"artificial"
"fl5369",4,9.11854103343465,0,"artificial"
"fl5374",1,5.88235294117647,0,"artificial"
"fl5376",3,5.54323725055432,0,"artificial"
"fl5407",3,2.63620386643234,0,"artificial"
"fl541",5,4.17536534446764,0,"artificial"
"fl5415",5,2.31660231660232,0,"artificial"
"fl5424",5,9.11854103343465,0,"artificial"
"fl5431",4,9.11854103343465,0,"artificial"
"fl5433",2,4.70588235294118,0,"artificial"
"fl5440",4,5.54016620498615,0,"artificial"
"fl5446",4,11.1731843575419,0,"artificial"
"fl545",3,2.75862068965517,0,"artificial"
"fl5459",4,7.42942050520059,0,"artificial"
"fl5472",2,9.61538461538461,0,"artificial"
"fl5484",6,2.65957446808511,0,"artificial"
"fl5499",3,6.25978090766823,0,"artificial"
"fl5503",2,6.09756097560976,0,"artificial"
"fl5520",1,12.3456790123457,0,"artificial"
"fl5526",6,6.75675675675676,0,"artificial"
"fl5527",3,7.64818355640535,0,"artificial"
"fl5532",4,5.92885375494071,0,"artificial"
"fl5534",2,5.81395348837209,0,"artificial"
"fl5536",6,6.75675675675676,0,"artificial"
"fl554",5,4.90196078431372,0,"artificial"
"fl5543",6,2.82485875706215,0,"artificial"
"fl5547",6,2.65957446808511,0,"artificial"
"fl5548",3,5.81395348837209,0,"artificial"
"fl5550",1,12.3456790123457,0,"artificial"
"fl5554",4,6.78733031674208,0,"artificial"
"fl5576",4,2.13371266002845,0,"artificial"
"fl5581",2,9.61538461538461,0,"artificial"
"fl5587",5,9.11854103343465,0,"artificial"
"fl5595",2,12.3456790123457,0,"artificial"
"fl5598",2,6.7842605156038,0,"artificial"
"fl5603",1,12.3456790123457,0,"artificial"
"fl5611",4,4.8721071863581,0,"artificial"
"fl5617",2,9.61538461538461,0,"artificial"
"fl5625",6,4.4709388971684,0,"artificial"
"fl5627",1,6.66666666666667,0,"artificial"
"fl5644",1,5.88235294117647,0,"artificial"
"fl5646",4,5.54016620498615,0,"artificial"
"fl5653",1,7.05882352941176,0,"artificial"
"fl5672",1,5.21739130434783,0,"artificial"
"fl5679",5,3.38983050847458,0,"artificial"
"fl5684",1,5.44069640914037,0,"artificial"
"fl5693",3,6.81431005110733,0,"artificial"
"fl5711",3,8.06451612903226,0,"artificial"
"fl5712",3,11.1731843575419,0,"artificial"
"fl5731",4,5.37634408602151,0,"artificial"
"fl5742",1,5.88235294117647,0,"artificial"
"fl5745",4,6.07287449392713,0,"artificial"
"fl575",2,3.80228136882129,0,"artificial"
"fl5751",4,4.90196078431372,0,"artificial"
"fl5755",5,3.38983050847458,0,"artificial"
"fl5760",1,5.88235294117647,0,"artificial"
"fl5762",6,2.65957446808511,0,"artificial"
"fl5765",3,8.06451612903226,0,"artificial"
"fl5771",2,6.7842605156038,0,"artificial"
"fl5773",4,4.8721071863581,0,"artificial"
"fl5788",5,3.19488817891374,0,"artificial"
"fl5794",2,12.3456790123457,0,"artificial"
"fl58",3,3.40715502555366,0,"artificial"
"fl5803",4,11.1731843575419,0,"artificial"
"fl5807",1,12.3456790123457,0,"artificial"
"fl5820",2,8.65800865800866,0,"artificial"
"fl5831",5,9.11854103343465,0,"artificial"
"fl5832",3,4.84261501210654,0,"artificial"
"fl5835",7,2.29007633587786,0,"artificial"
"fl5860",2,6.7842605156038,0,"artificial"
"fl5879",3,4.84261501210654,0,"artificial"
"fl5900",7,1.97044334975369,0,"artificial"
"fl5902",3,8.65800865800866,0,"artificial"
"fl5916",3,4.84261501210654,0,"artificial"
"fl5923",1,5.21739130434783,0,"artificial"
"fl5937",5,6.75675675675676,0,"artificial"
"fl5950",5,9.11854103343465,0,"artificial"
"fl5956",4,4.90196078431372,0,"artificial"
"fl5958",2,4.70588235294118,0,"artificial"
"fl596",5,4.4709388971684,0,"artificial"
"fl5975",3,5.81395348837209,0,"artificial"
"fl5980",3,11.5384615384615,0,"artificial"
"fl5991",1,6.66666666666667,0,"artificial"
"fl6",5,6.75675675675676,0,"artificial"
"fl6004",5,5.87084148727984,0,"artificial"
"fl6010",7,3.10880829015544,0,"artificial"
"fl6012",2,12.3456790123457,0,"artificial"
"fl6013",4,6.07287449392713,0,"artificial"
"fl6017",3,6.25978090766823,0,"artificial"
"fl6041",5,5.87084148727984,0,"artificial"
"fl6051",5,4.4709388971684,0,"artificial"
"fl6059",5,6.75675675675676,0,"artificial"
"fl6069",5,6.75675675675676,0,"artificial"
"fl607",2,4.70588235294118,0,"artificial"
"fl6076",5,2.38663484486874,0,"artificial"
"fl6080",5,6.78733031674208,0,"artificial"
"fl6101",2,5.44069640914037,0,"artificial"
"fl6115",3,8.06451612903226,0,"artificial"
"fl6116",3,5.92885375494071,0,"artificial"
"fl6120",3,8.06451612903226,0,"artificial"
"fl6124",5,4.90196078431372,0,"artificial"
"fl6129",3,7.64818355640535,0,"artificial"
"fl6130",5,6.75675675675676,0,"artificial"
"fl6134",5,3.7037037037037,0,"artificial"
"fl6135",4,4.90196078431372,0,"artificial"
"fl6137",2,3.80228136882129,0,"artificial"
"fl6150",3,5.20156046814044,0,"artificial"
"fl6152",6,6.75675675675676,0,"artificial"
"fl6156",3,8.65800865800866,0,"artificial"
"fl6167",3,2.74977085242896,0,"artificial"
"fl6188",3,11.5384615384615,0,"artificial"
"fl6194",4,5.31914893617021,0,"artificial"
"fl6204",1,6.66666666666667,0,"artificial"
"fl6216",2,9.61538461538461,0,"artificial"
"fl6240",4,4.8721071863581,0,"artificial"
"fl6258",3,6.25978090766823,0,"artificial"
"fl6262",7,3.82409177820268,0,"artificial"
"fl6266",3,5.92885375494071,0,"artificial"
"fl6268",5,6.75675675675676,0,"artificial"
"fl6272",5,6.78733031674208,0,"artificial"
"fl6285",1,4.77326968973747,0,"artificial"
"fl629",4,9.11854103343465,0,"artificial"
"fl6301",2,3.66748166259169,0,"artificial"
"fl6302",1,5.88235294117647,0,"artificial"
"fl633",1,5.21739130434783,0,"artificial"
"fl6333",2,5.81395348837209,0,"artificial"
"fl6338",5,4.4709388971684,0,"artificial"
"fl6339",6,3.52112676056338,0,"artificial"
"fl6350",2,6.09756097560976,0,"artificial"
"fl6354",6,4.4709388971684,0,"artificial"
"fl6370",5,3.13807531380753,0,"artificial"
"fl6371",4,5.54016620498615,0,"artificial"
"fl6374",2,6.7842605156038,0,"artificial"
"fl6382",2,12.3456790123457,0,"artificial"
"fl6383",3,4.03225806451613,0,"artificial"
"fl6392",5,9.11854103343465,0,"artificial"
"fl6428",6,6.75675675675676,0,"artificial"
"fl6441",3,3.05810397553517,0,"artificial"
"fl6451",6,4.4709388971684,0,"artificial"
"fl6452",4,9.75609756097561,0,"artificial"
"fl6471",2,4.36046511627907,0,"artificial"
"fl6474",4,6.78733031674208,0,"artificial"
"fl6475",3,5.54323725055432,0,"artificial"
"fl649",1,5.21739130434783,0,"artificial"
"fl6498",3,5.54323725055432,0,"artificial"
"fl6501",1,5.21739130434783,0,"artificial"
"fl6504",5,6.75675675675676,0,"artificial"
"fl6511",4,5.31914893617021,0,"artificial"
"fl6515",2,5.20156046814044,0,"artificial"
"fl6517",1,5.21739130434783,0,"artificial"
"fl6522",5,6.78733031674208,0,"artificial"
"fl6526",2,6.95652173913043,0,"artificial"
"fl6528",5,4.8721071863581,0,"artificial"
"fl653",4,6.13496932515337,0,"artificial"
"fl6533",3,4.84261501210654,0,"artificial"
"fl6534",4,4.05405405405405,0,"artificial"
"fl6537",2,6.95652173913043,0,"artificial"
"fl6550",4,4.8721071863581,0,"artificial"
"fl6554",2,5.20156046814044,0,"artificial"
"fl6560",4,3.3698399326032,0,"artificial"
"fl6564",3,3.05810397553517,0,"artificial"
"fl6583",2,6.95652173913043,0,"artificial"
"fl6599",3,7.64818355640535,0,"artificial"
"fl6600",10,2.14822771213749,0,"artificial"
"fl661",2,8.65800865800866,0,"artificial"
"fl6610",2,10.2040816326531,0,"artificial"
"fl6613",3,6.81431005110733,0,"artificial"
"fl6628",2,4.70588235294118,0,"artificial"
"fl6641",5,9.11854103343465,0,"artificial"
"fl6646",3,6.09756097560976,0,"artificial"
"fl6649",3,8.65800865800866,0,"artificial"
"fl6657",6,4.4709388971684,0,"artificial"
"fl6660",2,6.95652173913043,0,"artificial"
"fl6671",6,4.4709388971684,0,"artificial"
"fl6678",2,3,0,"artificial"
"fl6682",5,3.38983050847458,0,"artificial"
"fl6685",4,11.1731843575419,0,"artificial"
"fl6689",4,9.75609756097561,0,"artificial"
"fl6707",4,7.42942050520059,0,"artificial"
"fl6709",2,5.44069640914037,0,"artificial"
"fl6718",1,6.66666666666667,0,"artificial"
"fl6724",2,6.95652173913043,0,"artificial"
"fl6728",1,5.44069640914037,0,"artificial"
"fl6759",2,6.95652173913043,0,"artificial"
"fl676",4,11.1731843575419,0,"artificial"
"fl6776",5,3.38983050847458,0,"artificial"
"fl6786",4,4.8721071863581,0,"artificial"
"fl6789",1,4.77326968973747,0,"artificial"
"fl6797",6,4.4709388971684,0,"artificial"
"fl6804",2,6,0,"artificial"
"fl6806",3,6.09756097560976,0,"artificial"
"fl6828",1,4.77326968973747,0,"artificial"
"fl6829",4,4.8780487804878,0,"artificial"
"fl6835",8,2.60078023407022,0,"artificial"
"fl6843",4,5.37634408602151,0,"artificial"
"fl6855",2,4.36046511627907,0,"artificial"
"fl6877",2,5.81395348837209,0,"artificial"
"fl6879",3,5.58659217877095,0,"artificial"
"fl6884",5,5.86510263929619,0,"artificial"
"fl6886",3,6.09756097560976,0,"artificial"
"fl6888",5,2.95857988165681,0,"artificial"
"fl6889",4,4.90196078431372,0,"artificial"
"fl6890",3,7.64818355640535,0,"artificial"
"fl6892",6,3.37837837837838,0,"artificial"
"fl6895",2,9.61538461538461,0,"artificial"
"fl6900",5,6.78733031674208,0,"artificial"
"fl6906",2,5.44069640914037,0,"artificial"
"fl6911",4,2.72479564032698,0,"artificial"
"fl6913",3,7.64818355640535,0,"artificial"
"fl6921",2,4.70588235294118,0,"artificial"
"fl6939",4,5.31914893617021,0,"artificial"
"fl6953",3,5.20156046814044,0,"artificial"
"fl6955",5,3.05188199389624,0,"artificial"
"fl6956",2,6,0,"artificial"
"fl6957",4,5.37634408602151,0,"artificial"
"fl6961",5,3.65965233302836,0,"artificial"
"fl6974",4,6.07287449392713,0,"artificial"
"fl6983",6,6.75675675675676,0,"artificial"
"fl6986",2,6.7842605156038,0,"artificial"
"fl6988",5,9.11854103343465,0,"artificial"
"fl6990",1,4.77326968973747,0,"artificial"
"fl6996",10,3.19318786588611,0,"artificial"
"fl7021",3,3.12989045383412,0,"artificial"
"fl7047",4,4.90196078431372,0,"artificial"
"fl7068",2,3.80228136882129,0,"artificial"
"fl7084",2,6.7842605156038,0,"artificial"
"fl7087",2,12.3456790123457,0,"artificial"
"fl7104",3,8.65800865800866,0,"artificial"
"fl7109",5,3.38983050847458,0,"artificial"
"fl711",3,11.1731843575419,0,"artificial"
"fl7115",3,5.20156046814044,0,"artificial"
"fl7118",4,7.42942050520059,0,"artificial"
"fl7133",2,10.2040816326531,0,"artificial"
"fl7136",3,7.64818355640535,0,"artificial"
"fl7144",4,4.90196078431372,0,"artificial"
"fl7146",4,11.1731843575419,0,"artificial"
"fl7163",3,6.81431005110733,0,"artificial"
"fl7172",4,6.78733031674208,0,"artificial"
"fl7175",5,4.4709388971684,0,"artificial"
"fl7176",3,6.25978090766823,0,"artificial"
"fl7183",2,10.2040816326531,0,"artificial"
"fl7185",4,9.75609756097561,0,"artificial"
"fl7211",4,4.90196078431372,0,"artificial"
"fl722",9,2.87631831255992,0,"artificial"
"fl7236",5,6.75675675675676,0,"artificial"
"fl7240",5,3.74531835205992,0,"artificial"
"fl725",4,9.11854103343465,0,"artificial"
"fl7253",8,3.80469245402663,0,"artificial"
"fl7254",5,3.38983050847458,0,"artificial"
"fl7267",2,6,0,"artificial"
"fl7268",3,5.37634408602151,0,"artificial"
"fl7279",3,11.5384615384615,0,"artificial"
"fl730",4,6.13496932515337,0,"artificial"
"fl7301",5,9.11854103343465,0,"artificial"
"fl7307",3,7.64818355640535,0,"artificial"
"fl7310",4,9.11854103343465,0,"artificial"
"fl7318",3,6.07287449392713,0,"artificial"
"fl7322",4,6.78733031674208,0,"artificial"
"fl7324",4,3,0,"artificial"
"fl7332",2,6,0,"artificial"
"fl7333",4,6.78733031674208,0,"artificial"
"fl7334",7,1.92030724915987,0,"artificial"
"fl7341",5,4.90196078431372,0,"artificial"
"fl7358",4,9.75609756097561,0,"artificial"
"fl739",1,4.77326968973747,0,"artificial"
"fl7395",5,4.4709388971684,0,"artificial"
"fl7400",5,4.4709388971684,0,"artificial"
"fl7435",3,8.65800865800866,0,"artificial"
"fl744",2,8.65800865800866,0,"artificial"
"fl7445",2,5.44069640914037,0,"artificial"
"fl7448",2,10.2040816326531,0,"artificial"
"fl7458",3,3.05810397553517,0,"artificial"
"fl7468",3,5.54323725055432,0,"artificial"
"fl7481",7,2.03389830508475,0,"artificial"
"fl7510",3,5.92885375494071,0,"artificial"
"fl7512",1,6.66666666666667,0,"artificial"
"fl7529",3,8.65800865800866,0,"artificial"
"fl7533",4,4.8721071863581,0,"artificial"
"fl754",4,5.31914893617021,0,"artificial"
"fl7554",4,11.1731843575419,0,"artificial"
"fl7555",5,6.75675675675676,0,"artificial"
"fl7562",1,5.21739130434783,0,"artificial"
"fl7567",4,4.90196078431372,0,"artificial"
"fl7578",2,10.2040816326531,0,"artificial"
"fl7581",3,4.84261501210654,0,"artificial"
"fl7590",7,3.49344978165939,0,"artificial"
"fl7599",1,4.77326968973747,0,"artificial"
"fl7605",5,6.75675675675676,0,"artificial"
"fl7610",3,2.90697674418605,0,"artificial"
"fl7619",8,3.9344262295082,0,"artificial"
"fl7624",2,4.70588235294118,0,"artificial"
"fl7644",4,6.78733031674208,0,"artificial"
"fl7661",4,2.13371266002845,0,"artificial"
"fl7665",4,7.42942050520059,0,"artificial"
"fl7673",4,5.31914893617021,0,"artificial"
"fl768",5,6.75675675675676,0,"artificial"
"fl7680",7,3.39270568278202,0,"artificial"
"fl7681",4,5.92885375494071,0,"artificial"
"fl7682",1,4.77326968973747,0,"artificial"
"fl7693",2,6,0,"artificial"
"fl7696",4,5.58659217877095,0,"artificial"
"fl7697",1,5.88235294117647,0,"artificial"
"fl7698",2,6.95652173913043,0,"artificial"
"fl7699",2,6.09756097560976,0,"artificial"
"fl77",2,5.20156046814044,0,"artificial"
"fl7703",5,4.90196078431372,0,"artificial"
"fl7706",6,4.4709388971684,0,"artificial"
"fl7707",3,11.1731843575419,0,"artificial"
"fl7709",3,7.64818355640535,0,"artificial"
"fl7711",5,3.80710659898477,0,"artificial"
"fl7719",5,6.78733031674208,0,"artificial"
"fl7723",2,12.3456790123457,0,"artificial"
"fl7726",5,5.87084148727984,0,"artificial"
"fl7728",3,5.20156046814044,0,"artificial"
"fl7735",4,5.54016620498615,0,"artificial"
"fl7737",4,5.92885375494071,0,"artificial"
"fl7739",8,3.55029585798817,0,"artificial"
"fl7745",2,5.44069640914037,0,"artificial"
"fl7747",5,4.90196078431372,0,"artificial"
"fl7750",6,2.97619047619048,0,"artificial"
"fl7753",1,6.66666666666667,0,"artificial"
"fl7776",1,12.3456790123457,0,"artificial"
"fl7787",3,8.06451612903226,0,"artificial"
"fl7800",2,5.81395348837209,0,"artificial"
"fl7802",1,6.66666666666667,0,"artificial"
"fl7811",2,6.7842605156038,0,"artificial"
"fl7815",5,4.4709388971684,0,"artificial"
"fl7826",3,5.81395348837209,0,"artificial"
"fl7829",1,5.44069640914037,0,"artificial"
"fl783",3,8.06451612903226,0,"artificial"
"fl7837",3,6.09756097560976,0,"artificial"
"fl7840",2,6.95652173913043,0,"artificial"
"fl7852",1,4.77326968973747,0,"artificial"
"fl7857",4,5.92885375494071,0,"artificial"
"fl7862",3,6.25978090766823,0,"artificial"
"fl7867",3,6.09756097560976,0,"artificial"
"fl7868",6,4.4709388971684,0,"artificial"
"fl7869",4,6.78733031674208,0,"artificial"
"fl787",2,6.95652173913043,0,"artificial"
"fl7872",5,4.00534045393858,0,"artificial"
"fl7884",3,5.81395348837209,0,"artificial"
"fl7887",4,4.90196078431372,0,"artificial"
"fl7897",3,8.65800865800866,0,"artificial"
"fl7916",4,6.78733031674208,0,"artificial"
"fl7918",3,5.54323725055432,0,"artificial"
"fl7927",3,3.05810397553517,0,"artificial"
"fl7933",3,5.58659217877095,0,"artificial"
"fl7937",2,10.2040816326531,0,"artificial"
"fl7978",7,3.37837837837838,0,"artificial"
"fl7987",4,11.1731843575419,0,"artificial"
"fl7988",4,5.31914893617021,0,"artificial"
"fl8",1,4.77326968973747,0,"artificial"
"fl8000",6,3.29760923330585,0,"artificial"
"fl8005",4,9.11854103343465,0,"artificial"
"fl8018",5,4.8721071863581,0,"artificial"
"fl8019",5,3.38983050847458,0,"artificial"
"fl8027",4,4.05405405405405,0,"artificial"
"fl8031",4,11.1731843575419,0,"artificial"
"fl804",1,12.3456790123457,0,"artificial"
"fl8042",4,3.13807531380753,0,"artificial"
"fl8046",3,8.65800865800866,0,"artificial"
"fl807",8,3.28227571115974,0,"artificial"
"fl8071",3,8.06451612903226,0,"artificial"
"fl809",2,6.95652173913043,0,"artificial"
"fl81",1,5.88235294117647,0,"artificial"
"fl8101",4,9.75609756097561,0,"artificial"
"fl8105",5,1.69491525423729,0,"artificial"
"fl816",4,5.92885375494071,0,"artificial"
"fl8166",11,2.28745711017918,0,"artificial"
"fl8181",2,3.66748166259169,0,"artificial"
"fl8187",2,6.7842605156038,0,"artificial"
"fl8196",6,2.34741784037559,0,"artificial"
"fl8214",3,4.84261501210654,0,"artificial"
"fl8217",4,4.8721071863581,0,"artificial"
"fl8229",1,5.88235294117647,0,"artificial"
"fl8237",2,5.44069640914037,0,"artificial"
"fl8248",2,6.7842605156038,0,"artificial"
"fl8265",4,6.78733031674208,0,"artificial"
"fl827",6,4.36681222707424,0,"artificial"
"fl8298",4,5.92885375494071,0,"artificial"
"fl8307",1,5.88235294117647,0,"artificial"
"fl8308",4,11.1731843575419,0,"artificial"
"fl8311",3,5.54323725055432,0,"artificial"
"fl8325",4,6.07287449392713,0,"artificial"
"fl8327",3,3.40715502555366,0,"artificial"
"fl8357",2,12.3456790123457,0,"artificial"
"fl8366",3,11.5384615384615,0,"artificial"
"fl8367",5,4.90196078431372,0,"artificial"
"fl837",5,5.86510263929619,0,"artificial"
"fl8386",4,9.75609756097561,0,"artificial"
"fl839",4,6.78733031674208,0,"artificial"
"fl8394",2,6.7842605156038,0,"artificial"
"fl84",4,9.75609756097561,0,"artificial"
"fl8407",3,6.25978090766823,0,"artificial"
"fl842",1,5.88235294117647,0,"artificial"
"fl8428",4,11.1731843575419,0,"artificial"
"fl8443",4,7.42942050520059,0,"artificial"
"fl8444",2,10.2040816326531,0,"artificial"
"fl848",4,9.75609756097561,0,"artificial"
"fl8485",2,6,0,"artificial"
"fl849",6,4.4709388971684,0,"artificial"
"fl850",1,4.77326968973747,0,"artificial"
"fl8506",2,6.95652173913043,0,"artificial"
"fl8513",4,5.37634408602151,0,"artificial"
"fl852",2,10.2040816326531,0,"artificial"
"fl8521",4,6.07287449392713,0,"artificial"
"fl8529",5,6.75675675675676,0,"artificial"
"fl8532",4,5.92885375494071,0,"artificial"
"fl8546",4,3.1055900621118,0,"artificial"
"fl8550",6,6.75675675675676,0,"artificial"
"fl8561",4,6.78733031674208,0,"artificial"
"fl8567",9,2.94840294840295,0,"artificial"
"fl8583",7,3.49344978165939,0,"artificial"
"fl8589",3,5.20156046814044,0,"artificial"
"fl859",6,6.75675675675676,0,"artificial"
"fl8598",4,3.24939073923639,0,"artificial"
"fl8600",2,10.2040816326531,0,"artificial"
"fl8604",3,5.92885375494071,0,"artificial"
"fl8607",4,7.42942050520059,0,"artificial"
"fl8610",2,4.36046511627907,0,"artificial"
"fl8637",1,5.88235294117647,0,"artificial"
"fl8645",6,3.28227571115974,0,"artificial"
"fl865",1,12.3456790123457,0,"artificial"
"fl8652",6,2.2271714922049,0,"artificial"
"fl8670",5,4.90196078431372,0,"artificial"
"fl8675",4,9.11854103343465,0,"artificial"
"fl8683",4,4.8721071863581,0,"artificial"
"fl8690",2,5.20156046814044,0,"artificial"
"fl8691",4,5.37634408602151,0,"artificial"
"fl8698",1,5.44069640914037,0,"artificial"
"fl8719",4,4.90196078431372,0,"artificial"
"fl8721",5,4.00534045393858,0,"artificial"
"fl8731",4,5.54016620498615,0,"artificial"
"fl8738",2,6.7842605156038,0,"artificial"
"fl8746",2,5.44069640914037,0,"artificial"
"fl8764",5,6.75675675675676,0,"artificial"
"fl8765",5,6.78733031674208,0,"artificial"
"fl8796",3,3.65965233302836,0,"artificial"
"fl88",3,5.92885375494071,0,"artificial"
"fl8800",3,4.84261501210654,0,"artificial"
"fl8811",7,3.62976406533575,0,"artificial"
"fl8816",7,2.59179265658747,0,"artificial"
"fl8819",1,12.3456790123457,0,"artificial"
"fl882",3,6.25978090766823,0,"artificial"
"fl8839",3,11.1731843575419,0,"artificial"
"fl885",4,2.09643605870021,0,"artificial"
"fl8855",5,9.11854103343465,0,"artificial"
"fl8870",5,4.8721071863581,0,"artificial"
"fl8878",10,2.47116968698517,0,"artificial"
"fl8896",4,5.31914893617021,0,"artificial"
"fl8899",2,4.36046511627907,0,"artificial"
"fl8904",2,8.65800865800866,0,"artificial"
"fl8905",3,5.81395348837209,0,"artificial"
"fl891",1,5.44069640914037,0,"artificial"
"fl8923",4,3.47826086956522,0,"artificial"
"fl8931",4,6.13496932515337,0,"artificial"
"fl8940",6,4.4709388971684,0,"artificial"
"fl8945",2,4.70588235294118,0,"artificial"
"fl8968",7,3.82409177820268,0,"artificial"
"fl8971",4,5.31914893617021,0,"artificial"
"fl8976",2,8.65800865800866,0,"artificial"
"fl898",2,5.20156046814044,0,"artificial"
"fl8985",3,8.06451612903226,0,"artificial"
"fl8994",2,4.70588235294118,0,"artificial"
"fl9",5,4.90196078431372,0,"artificial"
"fl9010",4,6.13496932515337,0,"artificial"
"fl9012",1,5.44069640914037,0,"artificial"
"fl9024",7,3.62976406533575,0,"artificial"
"fl9025",5,5.87084148727984,0,"artificial"
"fl9027",3,6.81431005110733,0,"artificial"
"fl9038",4,9.75609756097561,0,"artificial"
"fl9043",4,5.31914893617021,0,"artificial"
"fl9045",4,5.37634408602151,0,"artificial"
"fl9046",5,3.04878048780488,0,"artificial"
"fl9053",6,2.67618198037467,0,"artificial"
"fl906",1,7.05882352941176,0,"artificial"
"fl9063",5,9.11854103343465,0,"artificial"
"fl9091",4,6.07287449392713,0,"artificial"
"fl9102",4,6.78733031674208,0,"artificial"
"fl9103",6,3.80469245402663,0,"artificial"
"fl9105",2,4.70588235294118,0,"artificial"
"fl9107",3,5.54323725055432,0,"artificial"
"fl9114",2,12.3456790123457,0,"artificial"
"fl9115",4,11.1731843575419,0,"artificial"
"fl9117",7,3,0,"artificial"
"fl9120",2,12.3456790123457,0,"artificial"
"fl9123",3,11.1731843575419,0,"artificial"
"fl9132",3,5.37634408602151,0,"artificial"
"fl9145",2,12.3456790123457,0,"artificial"
"fl915",3,8.06451612903226,0,"artificial"
"fl9155",4,4.90196078431372,0,"artificial"
"fl9157",1,12.3456790123457,0,"artificial"
"fl9160",2,6.7842605156038,0,"artificial"
"fl9165",8,2.60078023407022,0,"artificial"
"fl9169",4,6.13496932515337,0,"artificial"
"fl9173",2,10.2040816326531,0,"artificial"
"fl9175",1,12.3456790123457,0,"artificial"
"fl9179",1,5.44069640914037,0,"artificial"
"fl918",8,3.40715502555366,0,"artificial"
"fl9180",3,5.37634408602151,0,"artificial"
"fl9189",3,4.84261501210654,0,"artificial"
"fl9190",5,3.38983050847458,0,"artificial"
"fl9226",6,2.31660231660232,0,"artificial"
"fl9230",5,2.31660231660232,0,"artificial"
"fl9238",1,4.77326968973747,0,"artificial"
"fl9243",3,5.81395348837209,0,"artificial"
"fl9248",3,5.92885375494071,0,"artificial"
"fl9255",3,8.06451612903226,0,"artificial"
"fl9264",5,4.90196078431372,0,"artificial"
"fl928",3,5.37634408602151,0,"artificial"
"fl9285",3,6.81431005110733,0,"artificial"
"fl9286",8,1.76522506619594,0,"artificial"
"fl9287",2,10.2040816326531,0,"artificial"
"fl9288",1,5.88235294117647,0,"artificial"
"fl9293",5,4.4709388971684,0,"artificial"
"fl9311",1,5.88235294117647,0,"artificial"
"fl9314",9,3.39270568278202,0,"artificial"
"fl9317",8,3.80469245402663,0,"artificial"
"fl933",2,3.44234079173838,0,"artificial"
"fl9334",2,4.19287211740042,0,"artificial"
"fl9337",6,3.37837837837838,0,"artificial"
"fl9338",2,4.70588235294118,0,"artificial"
"fl935",3,5.20156046814044,0,"artificial"
"fl9352",5,2.64200792602378,0,"artificial"
"fl9364",2,6,0,"artificial"
"fl9365",3,11.1731843575419,0,"artificial"
"fl9373",1,4.77326968973747,0,"artificial"
"fl9374",6,5.24475524475525,0,"artificial"
"fl9378",6,3.51906158357771,0,"artificial"
"fl9387",3,8.06451612903226,0,"artificial"
"fl940",2,6.09756097560976,0,"artificial"
"fl9402",7,2.7124773960217,0,"artificial"
"fl9405",3,11.5384615384615,0,"artificial"
"fl9414",1,5.44069640914037,0,"artificial"
"fl9428",2,5.20156046814044,0,"artificial"
"fl9429",2,5.81395348837209,0,"artificial"
"fl9432",5,6.78733031674208,0,"artificial"
"fl9452",4,4.05405405405405,0,"artificial"
"fl9455",1,4.77326968973747,0,"artificial"
"fl9460",4,5.92885375494071,0,"artificial"
"fl9470",2,9.61538461538461,0,"artificial"
"fl9477",4,5.31914893617021,0,"artificial"
"fl9485",2,8.65800865800866,0,"artificial"
"fl9495",4,6.07287449392713,0,"artificial"
"fl950",4,4.90196078431372,0,"artificial"
"fl9501",3,8.06451612903226,0,"artificial"
"fl9518",6,6.75675675675676,0,"artificial"
"fl9523",5,6.78733031674208,0,"artificial"
"fl9525",5,4.4709388971684,0,"artificial"
"fl9531",2,4.36046511627907,0,"artificial"
"fl9533",3,5.37634408602151,0,"artificial"
"fl954",2,12.3456790123457,0,"artificial"
"fl9542",5,3.38983050847458,0,"artificial"
"fl9544",4,6.13496932515337,0,"artificial"
"fl9549",2,6.7842605156038,0,"artificial"
"fl956",1,6.66666666666667,0,"artificial"
"fl9568",5,5.87084148727984,0,"artificial"
"fl9578",5,9.11854103343465,0,"artificial"
"fl958",5,3.38983050847458,0,"artificial"
"fl9584",1,5.88235294117647,0,"artificial"
"fl9592",4,4.05405405405405,0,"artificial"
"fl9595",3,6.25978090766823,0,"artificial"
"fl9601",3,8.65800865800866,0,"artificial"
"fl9605",1,4.77326968973747,0,"artificial"
"fl9606",3,5.37634408602151,0,"artificial"
"fl9611",2,4.19287211740042,0,"artificial"
"fl9613",5,4.8721071863581,0,"artificial"
"fl962",3,5.81395348837209,0,"artificial"
"fl9626",4,7.42942050520059,0,"artificial"
"fl9627",3,5.92885375494071,0,"artificial"
"fl9638",4,3.76411543287327,0,"artificial"
"fl9639",3,4.84261501210654,0,"artificial"
"fl9646",2,4.19287211740042,0,"artificial"
"fl965",3,11.1731843575419,0,"artificial"
"fl9657",2,9.61538461538461,0,"artificial"
"fl9661",6,1.87441424554827,0,"artificial"
"fl9666",3,2.75862068965517,0,"artificial"
"fl9667",3,6.07287449392713,0,"artificial"
"fl9668",2,9.61538461538461,0,"artificial"
"fl9681",6,4.4709388971684,0,"artificial"
"fl9682",4,11.1731843575419,0,"artificial"
"fl9705",3,7.64818355640535,0,"artificial"
"fl9708",2,3.80228136882129,0,"artificial"
"fl9722",3,5.37634408602151,0,"artificial"
"fl9734",4,9.75609756097561,0,"artificial"
"fl9747",2,9.61538461538461,0,"artificial"
"fl976",1,4.77326968973747,0,"artificial"
"fl9768",4,9.75609756097561,0,"artificial"
"fl9773",3,4.84261501210654,0,"artificial"
"fl9774",5,6.75675675675676,0,"artificial"
"fl9777",1,4.77326968973747,0,"artificial"
"fl9797",4,7.42942050520059,0,"artificial"
"fl9800",2,6.7842605156038,0,"artificial"
"fl9817",2,3.80228136882129,0,"artificial"
"fl9820",2,6.09756097560976,0,"artificial"
"fl9826",3,6.81431005110733,0,"artificial"
"fl9830",4,6.13496932515337,0,"artificial"
"fl9846",2,4.19287211740042,0,"artificial"
"fl9850",1,4.77326968973747,0,"artificial"
"fl9862",1,7.05882352941176,0,"artificial"
"fl9864",8,3.9344262295082,0,"artificial"
"fl9873",2,5.81395348837209,0,"artificial"
"fl9879",1,5.44069640914037,0,"artificial"
"fl9887",3,5.81395348837209,0,"artificial"
"fl9890",3,5.54323725055432,0,"artificial"
"fl990",4,5.54016620498615,0,"artificial"
"fl9910",2,5.44069640914037,0,"artificial"
"fl9913",3,5.81395348837209,0,"artificial"
"fl9948",1,4.77326968973747,0,"artificial"
"fl9949",2,5.20156046814044,0,"artificial"
"fl9960",3,8.65800865800866,0,"artificial"
"fl9970",4,5.92885375494071,0,"artificial"
"fl9974",5,2.26244343891403,0,"artificial"
"fl9975",1,12.3456790123457,0,"artificial"
"fl9991",2,9.61538461538461,0,"artificial"
"fl1023",7,3.35523556549699,1,"artificial"
"fl1029",5,4.08997955010225,1,"artificial"
"fl1039",4,4.69924812030075,1,"artificial"
"fl1045",5,4.47928331466965,1,"artificial"
"fl1059",7,4.45765230312036,1,"artificial"
"fl1102",5,5.93765462642256,1,"artificial"
"fl1110",11,3.13234142521535,1,"artificial"
"fl1114",7,3.47473577530042,1,"artificial"
"fl115",8,3.26441784548422,1,"artificial"
"fl1159",6,4.24403183023873,1,"artificial"
"fl1175",6,3.26441784548422,1,"artificial"
"fl1192",3,4.82160077145612,1,"artificial"
"fl1215",10,2.58175559380379,1,"artificial"
"fl1219",5,2.50783699059561,1,"artificial"
"fl1225",6,3.09677419354839,1,"artificial"
"fl1226",5,3.5175142899018,1,"artificial"
"fl1238",7,3.3195020746888,1,"artificial"
"fl124",10,2.9806259314456,1,"artificial"
"fl1251",7,3.3195020746888,1,"artificial"
"fl1257",5,3.96301188903567,1,"artificial"
"fl1262",8,3.65853658536585,1,"artificial"
"fl1275",11,2.71370420624152,1,"artificial"
"fl1295",6,3.55450236966825,1,"artificial"
"fl1307",8,3.47121781891814,1,"artificial"
"fl131",7,6.0790273556231,1,"artificial"
"fl1327",6,5.73613766730401,1,"artificial"
"fl1348",5,2.77520814061055,1,"artificial"
"fl1349",2,5.92885375494071,1,"artificial"
"fl1370",6,3.81315538608198,1,"artificial"
"fl1378",9,2.9806259314456,1,"artificial"
"fl1390",7,3.71954621536173,1,"artificial"
"fl1399",6,4.45765230312036,1,"artificial"
"fl1434",3,3.6231884057971,1,"artificial"
"fl1438",6,4.40366972477064,1,"artificial"
"fl1444",11,1.93798449612403,1,"artificial"
"fl1446",8,2.7027027027027,1,"artificial"
"fl1486",6,3.584229390681,1,"artificial"
"fl1503",7,4.29645542427497,1,"artificial"
"fl1514",6,4.24403183023873,1,"artificial"
"fl1536",8,3.05421226775261,1,"artificial"
"fl1539",7,3.32594235033259,1,"artificial"
"fl1545",7,3.72728684578351,1,"artificial"
"fl1562",7,5.60616678346181,1,"artificial"
"fl1595",6,3.97088021178028,1,"artificial"
"fl1605",8,2.20082530949106,1,"artificial"
"fl1626",5,7.52587017873942,1,"artificial"
"fl1644",7,4.56881781838949,1,"artificial"
"fl1645",8,2.68276324614353,1,"artificial"
"fl1647",6,8.7719298245614,1,"artificial"
"fl1649",10,1.81378476420798,1,"artificial"
"fl1658",5,3.59453630481668,1,"artificial"
"fl169",9,2.31347599768652,1,"artificial"
"fl1702",5,3.50979818660427,1,"artificial"
"fl1720",5,5.97014925373134,1,"artificial"
"fl1726",6,2.99102691924227,1,"artificial"
"fl178",8,3.47121781891814,1,"artificial"
"fl1783",8,3.01091456529921,1,"artificial"
"fl179",7,3.89231268245216,1,"artificial"
"fl1797",5,3.12256049960968,1,"artificial"
"fl1802",8,4.07055630936228,1,"artificial"
"fl1809",5,4.92914356130622,1,"artificial"
"fl1827",9,3.95256916996047,1,"artificial"
"fl1836",7,3.41151385927505,1,"artificial"
"fl188",5,2.58397932816537,1,"artificial"
"fl1884",9,3.57888458097226,1,"artificial"
"fl1893",5,1.96592398427261,1,"artificial"
"fl1900",7,3.95647873392681,1,"artificial"
"fl1913",6,3.96301188903567,1,"artificial"
"fl1923",7,4.60122699386503,1,"artificial"
"fl1956",7,3.38839474798814,1,"artificial"
"fl1986",5,4.04858299595142,1,"artificial"
"fl1988",8,3.46620450606586,1,"artificial"
"fl1996",8,4.04653515427415,1,"artificial"
"fl2018",6,3.81315538608198,1,"artificial"
"fl202",8,2.7027027027027,1,"artificial"
"fl2036",3,4.05186385737439,1,"artificial"
"fl2054",8,3.5724918130396,1,"artificial"
"fl2058",7,4.82509047044632,1,"artificial"
"fl2071",6,4.18410041841004,1,"artificial"
"fl2073",6,3.46770697876029,1,"artificial"
"fl2079",7,3.21931589537223,1,"artificial"
"fl2111",5,3.2719836400818,1,"artificial"
"fl2135",4,2.39425379090184,1,"artificial"
"fl2146",8,2.97176820208024,1,"artificial"
"fl2159",6,3.25821341297855,1,"artificial"
"fl2181",9,3.62483008608971,1,"artificial"
"fl2197",7,4.45765230312036,1,"artificial"
"fl2201",6,3.6144578313253,1,"artificial"
"fl2212",4,4.98960498960499,1,"artificial"
"fl2213",4,4.49185850645705,1,"artificial"
"fl2219",7,6.0790273556231,1,"artificial"
"fl2259",12,2.34558248631744,1,"artificial"
"fl2267",7,4.07055630936228,1,"artificial"
"fl2269",8,3.26441784548422,1,"artificial"
"fl227",7,3.58905338716913,1,"artificial"
"fl2284",3,3.6231884057971,1,"artificial"
"fl2285",4,3.17863954227591,1,"artificial"
"fl2295",8,1.98117880138683,1,"artificial"
"fl2313",6,4.92914356130622,1,"artificial"
"fl2332",5,4.69924812030075,1,"artificial"
"fl2334",6,3.25821341297855,1,"artificial"
"fl2341",6,3.48887919755778,1,"artificial"
"fl2359",8,2.97287253808993,1,"artificial"
"fl2397",9,3.52941176470588,1,"artificial"
"fl2405",4,6.20636152055857,1,"artificial"
"fl2406",10,2.30769230769231,1,"artificial"
"fl2463",9,4.45765230312036,1,"artificial"
"fl2469",5,4.35967302452316,1,"artificial"
"fl2512",7,3.98936170212766,1,"artificial"
"fl2532",6,3.6911719470932,1,"artificial"
"fl2533",4,4.08719346049046,1,"artificial"
"fl2534",10,3.26441784548422,1,"artificial"
"fl2568",9,3.16205533596838,1,"artificial"
"fl2590",8,1.84204466958324,1,"artificial"
"fl26",5,5.06542845082313,1,"artificial"
"fl2622",4,4.12583806085611,1,"artificial"
"fl2630",6,4.96688741721854,1,"artificial"
"fl2633",6,3.46770697876029,1,"artificial"
"fl2636",6,5.98802395209581,1,"artificial"
"fl2647",6,3.25821341297855,1,"artificial"
"fl2682",6,3.3195020746888,1,"artificial"
"fl2688",6,3.66132723112128,1,"artificial"
"fl2737",4,3.43583576705033,1,"artificial"
"fl2740",4,3.52941176470588,1,"artificial"
"fl2750",5,3.43790287924366,1,"artificial"
"fl2757",5,3.60522757999099,1,"artificial"
"fl277",5,3.53513035793195,1,"artificial"
"fl2777",9,2.90697674418605,1,"artificial"
"fl2781",7,3.95647873392681,1,"artificial"
"fl2803",4,5.64573041637262,1,"artificial"
"fl2811",4,3.73715353472438,1,"artificial"
"fl2834",7,3.94218134034166,1,"artificial"
"fl2860",8,4.01069518716578,1,"artificial"
"fl2862",8,4.24478245489919,1,"artificial"
"fl2866",9,1.92215281114849,1,"artificial"
"fl2926",7,4.89596083231334,1,"artificial"
"fl2961",6,6.37280934678704,1,"artificial"
"fl3021",5,3.59453630481668,1,"artificial"
"fl3061",3,3.70713623725672,1,"artificial"
"fl3064",7,2.7027027027027,1,"artificial"
"fl3075",5,3.32594235033259,1,"artificial"
"fl3096",7,4.05473897617841,1,"artificial"
"fl31",9,3.55082112738571,1,"artificial"
"fl3110",9,3.32594235033259,1,"artificial"
"fl3119",8,3.32594235033259,1,"artificial"
"fl3128",8,3.31217223295611,1,"artificial"
"fl3150",6,3.53669319186561,1,"artificial"
"fl3151",5,3.52941176470588,1,"artificial"
"fl3168",7,3.26441784548422,1,"artificial"
"fl3195",6,4.17972831765935,1,"artificial"
"fl3206",7,2.79459711224965,1,"artificial"
"fl3214",6,3.36605890603086,1,"artificial"
"fl3248",6,6.0790273556231,1,"artificial"
"fl3270",7,6.0790273556231,1,"artificial"
"fl3283",7,4.07539480387162,1,"artificial"
"fl3284",3,3.63372093023256,1,"artificial"
"fl3303",11,2.389486260454,1,"artificial"
"fl3321",5,3.59712230215827,1,"artificial"
"fl3323",7,3.98936170212766,1,"artificial"
"fl3339",6,3.24939073923639,1,"artificial"
"fl3344",9,3.39462517680339,1,"artificial"
"fl3348",7,3.33425951653237,1,"artificial"
"fl335",6,3.59712230215827,1,"artificial"
"fl3383",6,4.19067574646412,1,"artificial"
"fl3386",5,4.69924812030075,1,"artificial"
"fl3397",5,4.03225806451613,1,"artificial"
"fl3398",3,4.07055630936228,1,"artificial"
"fl340",8,4.29645542427497,1,"artificial"
"fl341",6,3.90815828041036,1,"artificial"
"fl3415",8,3.26441784548422,1,"artificial"
"fl342",8,2.4232633279483,1,"artificial"
"fl3428",3,3.70713623725672,1,"artificial"
"fl3432",6,5.03461296412838,1,"artificial"
"fl344",8,3.62154821186057,1,"artificial"
"fl3440",6,2.85374554102259,1,"artificial"
"fl3444",7,4.41826215022091,1,"artificial"
"fl3467",5,5.13874614594039,1,"artificial"
"fl347",8,3.27421555252387,1,"artificial"
"fl3475",3,5.56173526140156,1,"artificial"
"fl3476",7,2.88739172281039,1,"artificial"
"fl3485",7,4.07539480387162,1,"artificial"
"fl3551",5,1.96979645436638,1,"artificial"
"fl3586",7,3.52785535793032,1,"artificial"
"fl3602",6,3.96301188903567,1,"artificial"
"fl3611",11,1.8796992481203,1,"artificial"
"fl3626",7,5.10204081632653,1,"artificial"
"fl3634",4,4.49185850645705,1,"artificial"
"fl3641",7,2.8116213683224,1,"artificial"
"fl3644",9,3.11931375097479,1,"artificial"
"fl3716",9,4.08997955010225,1,"artificial"
"fl3725",3,3.09917355371901,1,"artificial"
"fl3753",5,3.12256049960968,1,"artificial"
"fl3771",6,4.08580183861083,1,"artificial"
"fl3781",10,3.15872598052119,1,"artificial"
"fl3826",3,3.54557541734377,1,"artificial"
"fl3827",3,4.62534690101758,1,"artificial"
"fl3839",7,3.13479623824451,1,"artificial"
"fl3853",3,4.45765230312036,1,"artificial"
"fl3867",5,3.29353643474681,1,"artificial"
"fl3873",8,2.69541778975741,1,"artificial"
"fl3877",6,6.37280934678704,1,"artificial"
"fl3907",10,2.13068181818182,1,"artificial"
"fl3922",9,2.5974025974026,1,"artificial"
"fl3935",6,2.23214285714286,1,"artificial"
"fl3947",5,6.20636152055857,1,"artificial"
"fl3952",8,3.32594235033259,1,"artificial"
"fl3964",2,9.87654320987654,1,"artificial"
"fl3965",7,3.58905338716913,1,"artificial"
"fl3975",6,3.96301188903567,1,"artificial"
"fl3980",9,3.62483008608971,1,"artificial"
"fl4",9,2.90065264684554,1,"artificial"
"fl4049",5,3.01810865191147,1,"artificial"
"fl4050",8,3.47121781891814,1,"artificial"
"fl407",5,5.21739130434783,1,"artificial"
"fl4113",6,4.44609114486847,1,"artificial"
"fl4135",6,3.29082682023859,1,"artificial"
"fl4140",9,3.42124019957235,1,"artificial"
"fl4164",5,3.17863954227591,1,"artificial"
"fl4166",6,3.25821341297855,1,"artificial"
"fl4171",11,2.17627856365615,1,"artificial"
"fl4180",3,4.98960498960499,1,"artificial"
"fl4189",7,4.03361344537815,1,"artificial"
"fl4195",7,4.07055630936228,1,"artificial"
"fl4213",6,3.48887919755778,1,"artificial"
"fl4225",6,3.26441784548422,1,"artificial"
"fl4229",6,4.61361014994233,1,"artificial"
"fl4248",8,3.89231268245216,1,"artificial"
"fl4259",7,2.35294117647059,1,"artificial"
"fl4294",7,4.33839479392625,1,"artificial"
"fl4304",7,5.60616678346181,1,"artificial"
"fl4317",5,3.26441784548422,1,"artificial"
"fl4320",3,5.92885375494071,1,"artificial"
"fl4327",6,3.2133676092545,1,"artificial"
"fl433",5,4.96688741721854,1,"artificial"
"fl4357",8,2.21729490022173,1,"artificial"
"fl443",5,3.90815828041036,1,"artificial"
"fl4432",11,2.03148806500762,1,"artificial"
"fl4453",6,5.03461296412838,1,"artificial"
"fl4466",8,3.26441784548422,1,"artificial"
"fl4475",4,3.5155563367903,1,"artificial"
"fl4486",6,4.92914356130622,1,"artificial"
"fl4487",5,3.33194502290712,1,"artificial"
"fl4495",5,3.6084799278304,1,"artificial"
"fl45",9,3.26441784548422,1,"artificial"
"fl4506",7,3.6911719470932,1,"artificial"
"fl4516",3,7.63358778625954,1,"artificial"
"fl4530",5,4.05186385737439,1,"artificial"
"fl4545",7,4.59418070444104,1,"artificial"
"fl4557",3,4.10172272354389,1,"artificial"
"fl4588",4,2.63620386643234,1,"artificial"
"fl459",6,2.51256281407035,1,"artificial"
"fl4593",6,4.40366972477064,1,"artificial"
"fl4608",7,5.10204081632653,1,"artificial"
"fl4661",8,2.7027027027027,1,"artificial"
"fl4677",6,3.25821341297855,1,"artificial"
"fl4683",6,3.24939073923639,1,"artificial"
"fl469",7,4.92610837438424,1,"artificial"
"fl4696",5,2.95566502463054,1,"artificial"
"fl4729",9,3.14877984780897,1,"artificial"
"fl4734",7,7.69230769230769,1,"artificial"
"fl4767",4,4.08719346049046,1,"artificial"
"fl4797",8,4.33839479392625,1,"artificial"
"fl4801",8,2.67201068804275,1,"artificial"
"fl4842",10,1.71673819742489,1,"artificial"
"fl493",8,2.83085633404105,1,"artificial"
"fl494",8,1.74216027874564,1,"artificial"
"fl4960",6,6.37280934678704,1,"artificial"
"fl4962",6,4.3956043956044,1,"artificial"
"fl4993",7,6.0790273556231,1,"artificial"
"fl50",7,4.57142857142857,1,"artificial"
"fl5001",7,4.76758045292014,1,"artificial"
"fl5037",5,3.46270379454624,1,"artificial"
"fl5040",7,2.8116213683224,1,"artificial"
"fl5084",7,3.03030303030303,1,"artificial"
"fl5121",4,4.36681222707424,1,"artificial"
"fl5129",5,6.26304801670146,1,"artificial"
"fl5150",5,5.98802395209581,1,"artificial"
"fl5160",8,4.07055630936228,1,"artificial"
"fl5179",9,4.82509047044632,1,"artificial"
"fl5182",7,3.94218134034166,1,"artificial"
"fl5187",4,3.32446808510638,1,"artificial"
"fl5190",5,7.69230769230769,1,"artificial"
"fl5198",9,3.32594235033259,1,"artificial"
"fl5234",3,5.14469453376206,1,"artificial"
"fl5236",10,2.34879624192601,1,"artificial"
"fl5239",6,4.45765230312036,1,"artificial"
"fl5242",7,3.60144057623049,1,"artificial"
"fl5250",10,2.45750563178374,1,"artificial"
"fl527",6,3.15457413249211,1,"artificial"
"fl5293",4,5.56173526140156,1,"artificial"
"fl534",4,4.21940928270042,1,"artificial"
"fl5342",6,2.85374554102259,1,"artificial"
"fl5365",5,3.52941176470588,1,"artificial"
"fl5368",5,3.80771061399334,1,"artificial"
"fl5380",4,7.63358778625954,1,"artificial"
"fl5388",5,4.45765230312036,1,"artificial"
"fl539",10,3.47977381470204,1,"artificial"
"fl5398",4,3.81315538608198,1,"artificial"
"fl5406",5,4.69924812030075,1,"artificial"
"fl5438",5,3.50979818660427,1,"artificial"
"fl5488",5,2.59515570934256,1,"artificial"
"fl5492",6,3.5778175313059,1,"artificial"
"fl5498",8,3.46620450606586,1,"artificial"
"fl550",8,3.13356835095966,1,"artificial"
"fl5502",10,3.26441784548422,1,"artificial"
"fl551",7,3.52941176470588,1,"artificial"
"fl5519",6,3.0840400925212,1,"artificial"
"fl552",7,4.56881781838949,1,"artificial"
"fl5537",5,3.2719836400818,1,"artificial"
"fl5566",7,4.57142857142857,1,"artificial"
"fl5574",6,4.43213296398892,1,"artificial"
"fl5586",5,3.5778175313059,1,"artificial"
"fl5605",8,2.02429149797571,1,"artificial"
"fl5610",8,4.45765230312036,1,"artificial"
"fl5623",7,2.17627856365615,1,"artificial"
"fl5630",6,4.3956043956044,1,"artificial"
"fl5651",3,4.06091370558376,1,"artificial"
"fl5683",5,4.6583850931677,1,"artificial"
"fl5694",8,4.45765230312036,1,"artificial"
"fl5705",4,3.32446808510638,1,"artificial"
"fl5710",6,3.13479623824451,1,"artificial"
"fl573",12,2.22016651248844,1,"artificial"
"fl5764",4,4.54029511918275,1,"artificial"
"fl5769",6,3.59712230215827,1,"artificial"
"fl5774",6,4.31266846361186,1,"artificial"
"fl5783",8,4.09416581371546,1,"artificial"
"fl581",8,4.22982023264011,1,"artificial"
"fl5839",6,3.40599455040872,1,"artificial"
"fl5849",10,2.08008320332813,1,"artificial"
"fl586",3,3.88878086719813,1,"artificial"
"fl5862",8,4.06091370558376,1,"artificial"
"fl5882",9,3.3112582781457,1,"artificial"
"fl59",5,4.31266846361186,1,"artificial"
"fl5905",5,3.47826086956522,1,"artificial"
"fl5908",7,4.53686200378072,1,"artificial"
"fl5939",6,3.91389432485323,1,"artificial"
"fl5942",3,5.14469453376206,1,"artificial"
"fl595",3,4.6592894583576,1,"artificial"
"fl6021",3,3.42857142857143,1,"artificial"
"fl6022",4,4.36681222707424,1,"artificial"
"fl6048",3,3.42857142857143,1,"artificial"
"fl6068",4,3.15457413249211,1,"artificial"
"fl6074",8,2.98581736750435,1,"artificial"
"fl6099",8,3.52941176470588,1,"artificial"
"fl6136",6,4.43213296398892,1,"artificial"
"fl6154",6,3.55450236966825,1,"artificial"
"fl6160",10,1.75054704595186,1,"artificial"
"fl618",4,6.5359477124183,1,"artificial"
"fl6215",9,4.45765230312036,1,"artificial"
"fl6227",5,4.45930880713489,1,"artificial"
"fl6261",4,4.49185850645705,1,"artificial"
"fl6264",6,4.45765230312036,1,"artificial"
"fl6274",7,3.26441784548422,1,"artificial"
"fl6295",7,2.7027027027027,1,"artificial"
"fl6297",5,7.52587017873942,1,"artificial"
"fl6308",7,2.93901542983101,1,"artificial"
"fl6313",5,2.62008733624454,1,"artificial"
"fl6319",6,3.13479623824451,1,"artificial"
"fl6320",6,2.47422680412371,1,"artificial"
"fl6321",5,4.6583850931677,1,"artificial"
"fl6325",9,3.04028375981758,1,"artificial"
"fl6346",6,3.78071833648393,1,"artificial"
"fl6365",7,4.04040404040404,1,"artificial"
"fl637",6,3.11915159076731,1,"artificial"
"fl6432",7,3.33425951653237,1,"artificial"
"fl6445",7,3.95647873392681,1,"artificial"
"fl6453",3,7.63358778625954,1,"artificial"
"fl6459",6,4.40366972477064,1,"artificial"
"fl6461",8,2.16099405726634,1,"artificial"
"fl6476",9,3.52941176470588,1,"artificial"
"fl6507",8,1.95790504160548,1,"artificial"
"fl651",9,2.26073850791258,1,"artificial"
"fl6521",7,4.08580183861083,1,"artificial"
"fl6536",8,4.29645542427497,1,"artificial"
"fl6567",7,3.72728684578351,1,"artificial"
"fl6598",5,3.93700787401575,1,"artificial"
"fl6618",7,3.27600327600328,1,"artificial"
"fl664",6,4.08997955010225,1,"artificial"
"fl6656",8,3.05693542223921,1,"artificial"
"fl6666",10,2.02224469160768,1,"artificial"
"fl6694",4,4.23728813559322,1,"artificial"
"fl6700",9,3.11931375097479,1,"artificial"
"fl6738",6,2.7359781121751,1,"artificial"
"fl6742",5,3.5175142899018,1,"artificial"
"fl6757",6,5.11073253833049,1,"artificial"
"fl678",5,4.36681222707424,1,"artificial"
"fl6833",5,3.07692307692308,1,"artificial"
"fl6834",7,4.25531914893617,1,"artificial"
"fl6845",5,4.57927876359473,1,"artificial"
"fl6865",7,3.04924531178533,1,"artificial"
"fl6894",3,3.53513035793195,1,"artificial"
"fl6905",10,3.10921103769918,1,"artificial"
"fl6907",6,5.55555555555556,1,"artificial"
"fl6943",3,4.62534690101758,1,"artificial"
"fl6945",8,2.36546422235364,1,"artificial"
"fl6972",10,3.52941176470588,1,"artificial"
"fl6984",5,3.96301188903567,1,"artificial"
"fl6997",5,3.81315538608198,1,"artificial"
"fl6998",6,7.02576112412178,1,"artificial"
"fl7013",6,4.96688741721854,1,"artificial"
"fl7025",4,3.01091456529921,1,"artificial"
"fl7027",6,3.46770697876029,1,"artificial"
"fl7039",8,3.32594235033259,1,"artificial"
"fl706",8,4.07055630936228,1,"artificial"
"fl7081",6,3.97088021178028,1,"artificial"
"fl7094",7,3.26441784548422,1,"artificial"
"fl7112",2,3.64354030666464,1,"artificial"
"fl7123",8,3.04878048780488,1,"artificial"
"fl7129",7,3.08880308880309,1,"artificial"
"fl7130",5,4.45930880713489,1,"artificial"
"fl714",7,3.50979818660427,1,"artificial"
"fl7147",4,12.3456790123457,1,"artificial"
"fl7151",6,5.75373993095512,1,"artificial"
"fl7155",5,4.6583850931677,1,"artificial"
"fl7158",3,3.72093023255814,1,"artificial"
"fl7190",8,3.46620450606586,1,"artificial"
"fl7194",3,4.47594181275643,1,"artificial"
"fl7204",5,3.17586343787217,1,"artificial"
"fl7219",11,2.30769230769231,1,"artificial"
"fl7242",7,5.60616678346181,1,"artificial"
"fl7252",5,8.37988826815642,1,"artificial"
"fl7280",11,3.43151272519302,1,"artificial"
"fl7288",5,5.93765462642256,1,"artificial"
"fl7293",7,4.47761194029851,1,"artificial"
"fl7295",8,2.14132762312634,1,"artificial"
"fl73",8,3.26441784548422,1,"artificial"
"fl7305",7,4.45930880713489,1,"artificial"
"fl7312",4,4.6592894583576,1,"artificial"
"fl7344",5,3.6084799278304,1,"artificial"
"fl7381",4,4.16088765603329,1,"artificial"
"fl7392",6,4.43213296398892,1,"artificial"
"fl7411",9,3.18049297641134,1,"artificial"
"fl7429",7,3.584229390681,1,"artificial"
"fl7442",6,3.6911719470932,1,"artificial"
"fl7462",4,3.85059684251059,1,"artificial"
"fl7469",9,2.40577385725742,1,"artificial"
"fl7488",5,4.72813238770686,1,"artificial"
"fl7549",7,3.26441784548422,1,"artificial"
"fl7550",6,4.27350427350427,1,"artificial"
"fl7563",6,2.83018867924528,1,"artificial"
"fl7565",5,3.6084799278304,1,"artificial"
"fl7600",5,4.16088765603329,1,"artificial"
"fl7603",3,7.36648250460405,1,"artificial"
"fl7630",9,2.3028209556707,1,"artificial"
"fl7635",7,3.95647873392681,1,"artificial"
"fl7636",5,5.13874614594039,1,"artificial"
"fl7648",7,4.07055630936228,1,"artificial"
"fl7654",8,4.07055630936228,1,"artificial"
"fl7656",8,3.00450676014021,1,"artificial"
"fl7666",8,2.94334069168506,1,"artificial"
"fl7678",8,3.27421555252387,1,"artificial"
"fl7701",9,3.00525920360631,1,"artificial"
"fl7729",5,3.26441784548422,1,"artificial"
"fl773",10,2.13068181818182,1,"artificial"
"fl7738",7,3.13479623824451,1,"artificial"
"fl7779",6,3.65965233302836,1,"artificial"
"fl779",5,7.69230769230769,1,"artificial"
"fl7808",7,3.65831351746845,1,"artificial"
"fl7814",2,5.92885375494071,1,"artificial"
"fl7821",12,2.35617514235225,1,"artificial"
"fl7839",8,3.0060120240481,1,"artificial"
"fl7843",3,6.5359477124183,1,"artificial"
"fl7844",3,3.24543610547667,1,"artificial"
"fl786",10,3.30532984437405,1,"artificial"
"fl7875",7,3.37980566117448,1,"artificial"
"fl7879",8,2.30902443717529,1,"artificial"
"fl7889",5,4.31266846361186,1,"artificial"
"fl7892",8,3.21199143468951,1,"artificial"
"fl7893",8,5.4127198917456,1,"artificial"
"fl794",8,3.01091456529921,1,"artificial"
"fl7960",3,3.52941176470588,1,"artificial"
"fl7975",7,5.4127198917456,1,"artificial"
"fl7984",2,5.92885375494071,1,"artificial"
"fl8069",8,2.7027027027027,1,"artificial"
"fl8083",8,2.98581736750435,1,"artificial"
"fl8085",11,1.81378476420798,1,"artificial"
"fl810",7,4.76758045292014,1,"artificial"
"fl8108",8,1.88723755602737,1,"artificial"
"fl8129",10,2.35941801022414,1,"artificial"
"fl8133",8,3.32594235033259,1,"artificial"
"fl8140",10,3.48887919755778,1,"artificial"
"fl815",5,8.37988826815642,1,"artificial"
"fl8151",3,4.11734431291817,1,"artificial"
"fl8155",8,3.24324324324324,1,"artificial"
"fl8179",4,5.56173526140156,1,"artificial"
"fl8197",5,6.04229607250755,1,"artificial"
"fl8201",3,3.46020761245675,1,"artificial"
"fl8202",9,2.99925018745314,1,"artificial"
"fl8234",7,4.07539480387163,1,"artificial"
"fl8241",7,3.98936170212766,1,"artificial"
"fl8256",11,2.18978102189781,1,"artificial"
"fl826",7,2.9806259314456,1,"artificial"
"fl8263",6,4.43213296398892,1,"artificial"
"fl8283",9,2.90697674418605,1,"artificial"
"fl8334",4,4.36681222707424,1,"artificial"
"fl8336",5,4.04858299595142,1,"artificial"
"fl8372",6,4.08580183861083,1,"artificial"
"fl8379",9,3.26441784548422,1,"artificial"
"fl8399",6,4.40366972477064,1,"artificial"
"fl8411",3,3.52941176470588,1,"artificial"
"fl8412",6,5.26315789473684,1,"artificial"
"fl8459",6,3.36605890603086,1,"artificial"
"fl8467",7,3.65831351746845,1,"artificial"
"fl8484",5,4.04858299595142,1,"artificial"
"fl8543",6,3.0840400925212,1,"artificial"
"fl8577",5,3.59130903214222,1,"artificial"
"fl8617",3,4.08719346049046,1,"artificial"
"fl8620",7,4.82509047044632,1,"artificial"
"fl8621",6,4.45765230312036,1,"artificial"
"fl8689",7,3.3195020746888,1,"artificial"
"fl871",5,3.26441784548422,1,"artificial"
"fl8717",5,3.50140056022409,1,"artificial"
"fl872",8,3.66300366300366,1,"artificial"
"fl8773",5,2.52780586450961,1,"artificial"
"fl8777",7,3.584229390681,1,"artificial"
"fl8779",5,3.90815828041036,1,"artificial"
"fl8785",5,3.99334442595674,1,"artificial"
"fl8803",8,2.69450993600539,1,"artificial"
"fl8831",7,3.91389432485323,1,"artificial"
"fl8856",8,3.94088669950739,1,"artificial"
"fl8892",6,3.0840400925212,1,"artificial"
"fl8927",9,3.45025876940771,1,"artificial"
"fl8936",2,4.13793103448276,1,"artificial"
"fl8942",6,5.26315789473684,1,"artificial"
"fl8958",2,3.64354030666464,1,"artificial"
"fl9013",4,2.97914597815293,1,"artificial"
"fl9049",7,3.55450236966825,1,"artificial"
"fl908",6,4.96688741721854,1,"artificial"
"fl9081",10,1.82232346241458,1,"artificial"
"fl9090",8,2.06291903042806,1,"artificial"
"fl9099",8,3.06826898491434,1,"artificial"
"fl9104",6,3.0840400925212,1,"artificial"
"fl9106",6,3.26441784548422,1,"artificial"
"fl9124",10,3.52941176470588,1,"artificial"
"fl9142",3,5.56173526140156,1,"artificial"
"fl9174",9,4.82509047044632,1,"artificial"
"fl9193",7,3.42124019957234,1,"artificial"
"fl92",8,4.5662100456621,1,"artificial"
"fl9203",5,3.52941176470588,1,"artificial"
"fl9213",7,3.6911719470932,1,"artificial"
"fl9219",8,3.00450676014021,1,"artificial"
"fl9224",5,6.20636152055857,1,"artificial"
"fl9237",6,3.33194502290712,1,"artificial"
"fl924",6,4.52488687782806,1,"artificial"
"fl9249",7,2.56904303147078,1,"artificial"
"fl927",5,3.6911719470932,1,"artificial"
"fl9292",7,4.45930880713489,1,"artificial"
"fl9319",5,3.81315538608198,1,"artificial"
"fl9324",4,3.57142857142857,1,"artificial"
"fl9381",6,4.31266846361186,1,"artificial"
"fl939",6,3.52941176470588,1,"artificial"
"fl9410",9,3.57888458097226,1,"artificial"
"fl9417",13,1.65152766308836,1,"artificial"
"fl9430",6,4.08997955010225,1,"artificial"
"fl9437",5,3.87096774193548,1,"artificial"
"fl9439",6,6.26304801670146,1,"artificial"
"fl9457",6,3.60144057623049,1,"artificial"
"fl9465",6,2.2583559168925,1,"artificial"
"fl9497",6,4.04858299595142,1,"artificial"
"fl9499",7,4.45765230312036,1,"artificial"
"fl9515",4,5.56173526140156,1,"artificial"
"fl9517",3,3.70713623725672,1,"artificial"
"fl9545",6,3.77002827521206,1,"artificial"
"fl9548",8,2.7027027027027,1,"artificial"
"fl9552",6,4.08580183861083,1,"artificial"
"fl9564",8,2.34009360374415,1,"artificial"
"fl9588",10,3.00525920360631,1,"artificial"
"fl9597",12,2.05585060818914,1,"artificial"
"fl9603",8,2.78810408921933,1,"artificial"
"fl9612",5,4.03225806451613,1,"artificial"
"fl9617",2,3.76293508936971,1,"artificial"
"fl9687",7,3.50058343057176,1,"artificial"
"fl9718",2,5.92885375494071,1,"artificial"
"fl9746",7,4.25531914893617,1,"artificial"
"fl9758",9,4.01069518716578,1,"artificial"
"fl9806",9,3.57888458097226,1,"artificial"
"fl9821",10,1.8450184501845,1,"artificial"
"fl9829",6,3.29082682023859,1,"artificial"
"fl9849",8,3.66300366300366,1,"artificial"
"fl9870",7,3.13479623824451,1,"artificial"
"fl9875",4,4.69924812030075,1,"artificial"
"fl989",6,3.09677419354839,1,"artificial"
"fl9895",8,5.4127198917456,1,"artificial"
"fl9924",3,4.62534690101758,1,"artificial"
"fl9926",8,3.68776889981561,1,"artificial"
"fl996",7,5.12820512820513,1,"artificial"
"fl9996",10,1.9351717464925,1,"artificial"
"fl1007",13,2.39520958083832,2,"artificial"
"fl1027",4,4.87408610885459,2,"artificial"
"fl1038",8,2.22098833981122,2,"artificial"
"fl1086",6,4.6592894583576,2,"artificial"
"fl1105",11,2.59235255994815,2,"artificial"
"fl1113",6,4.6592894583576,2,"artificial"
"fl1127",4,4.15800415800416,2,"artificial"
"fl1140",11,3.59281437125749,2,"artificial"
"fl1144",7,4,2,"artificial"
"fl1182",8,3.92156862745098,2,"artificial"
"fl12",10,3.31858407079646,2,"artificial"
"fl1304",7,8.02675585284281,2,"artificial"
"fl1316",10,5.39568345323741,2,"artificial"
"fl1354",5,3.90053632374451,2,"artificial"
"fl1407",9,3.90243902439024,2,"artificial"
"fl1445",10,2.56629597946963,2,"artificial"
"fl1488",6,4.80769230769231,2,"artificial"
"fl1530",4,5.55555555555556,2,"artificial"
"fl1574",8,2.77507978354378,2,"artificial"
"fl1592",7,5.91278640059128,2,"artificial"
"fl1755",4,4.21052631578947,2,"artificial"
"fl1774",6,4.09724119093144,2,"artificial"
"fl1795",4,4.73596968979399,2,"artificial"
"fl1811",4,4.70957613814757,2,"artificial"
"fl1813",6,4.1343669250646,2,"artificial"
"fl1832",8,3.65408038976857,2,"artificial"
"fl1843",7,8.02675585284281,2,"artificial"
"fl1867",4,4.46428571428571,2,"artificial"
"fl1963",4,4.42086648983201,2,"artificial"
"fl1980",7,2.59235255994815,2,"artificial"
"fl1984",7,9.84413453650533,2,"artificial"
"fl1998",6,4.20168067226891,2,"artificial"
"fl2124",7,4.23728813559322,2,"artificial"
"fl2187",8,5.29801324503311,2,"artificial"
"fl2229",10,3.05188199389624,2,"artificial"
"fl2298",6,5.11073253833049,2,"artificial"
"fl2311",7,4.79386385426654,2,"artificial"
"fl2390",7,4.40528634361233,2,"artificial"
"fl2401",8,3.90117035110533,2,"artificial"
"fl2426",9,5.58659217877095,2,"artificial"
"fl2434",7,5.11073253833049,2,"artificial"
"fl244",7,3.65408038976857,2,"artificial"
"fl2462",5,5.36552649228706,2,"artificial"
"fl2488",4,4.66291043326209,2,"artificial"
"fl2552",6,3.03951367781155,2,"artificial"
"fl2569",5,4.2025635637739,2,"artificial"
"fl2635",8,3.12989045383412,2,"artificial"
"fl2643",9,4.10888546481767,2,"artificial"
"fl2650",8,5.06008855154965,2,"artificial"
"fl2664",6,4.23280423280423,2,"artificial"
"fl2665",6,5.73613766730401,2,"artificial"
"fl2697",12,2.4174053182917,2,"artificial"
"fl2745",8,5.416384563304,2,"artificial"
"fl2829",9,2.14899713467049,2,"artificial"
"fl2897",10,3.62976406533575,2,"artificial"
"fl2912",9,5.39568345323741,2,"artificial"
"fl2934",7,4.2681842432865,2,"artificial"
"fl2976",4,4.15800415800416,2,"artificial"
"fl2990",12,2.40770465489567,2,"artificial"
"fl3016",3,5.16351118760757,2,"artificial"
"fl3037",9,2.83045570336824,2,"artificial"
"fl3059",8,2.47371675943105,2,"artificial"
"fl3065",10,2.96442687747036,2,"artificial"
"fl3079",9,3.7813140066173,2,"artificial"
"fl308",9,7.31707317073171,2,"artificial"
"fl3085",9,7.31707317073171,2,"artificial"
"fl3091",5,3.92477514309076,2,"artificial"
"fl3117",4,4.18176749372735,2,"artificial"
"fl3259",9,5.39568345323741,2,"artificial"
"fl3330",7,7.67263427109974,2,"artificial"
"fl3406",5,2.47422680412371,2,"artificial"
"fl3442",3,4.28112736353907,2,"artificial"
"fl3450",10,5.06756756756757,2,"artificial"
"fl3480",7,4.05679513184584,2,"artificial"
"fl3512",5,4.06917599186165,2,"artificial"
"fl3527",5,4.50788880540947,2,"artificial"
"fl3540",7,5.68585643212509,2,"artificial"
"fl3548",9,2.71985494106981,2,"artificial"
"fl365",4,4.0453074433657,2,"artificial"
"fl3670",6,5.43724512913457,2,"artificial"
"fl3754",6,4.2025635637739,2,"artificial"
"fl3765",8,3.18640467339352,2,"artificial"
"fl3830",11,3.98936170212766,2,"artificial"
"fl3863",6,4.0281973816717,2,"artificial"
"fl3866",5,4.0453074433657,2,"artificial"
"fl3963",9,5.23560209424084,2,"artificial"
"fl3979",8,2.42424242424242,2,"artificial"
"fl4048",8,6.1633281972265,2,"artificial"
"fl4078",10,2.42424242424242,2,"artificial"
"fl415",6,4.0451710770268,2,"artificial"
"fl4161",4,3.30578512396694,2,"artificial"
"fl4205",10,2.48653128885205,2,"artificial"
"fl4247",7,3.74414976599064,2,"artificial"
"fl4251",5,7.31707317073171,2,"artificial"
"fl4272",5,3.92477514309076,2,"artificial"
"fl4278",4,4,2,"artificial"
"fl4339",6,5.08905852417303,2,"artificial"
"fl4369",9,4.57317073170732,2,"artificial"
"fl4391",7,3.90117035110533,2,"artificial"
"fl4408",5,4.05131667792032,2,"artificial"
"fl4430",6,2.53807106598985,2,"artificial"
"fl4437",10,4,2,"artificial"
"fl452",6,4.16204217536071,2,"artificial"
"fl4568",8,3.74181478016838,2,"artificial"
"fl4604",12,2.34535326883612,2,"artificial"
"fl4619",6,3.87596899224806,2,"artificial"
"fl4643",6,5.28750826173166,2,"artificial"
"fl4658",5,3.47826086956522,2,"artificial"
"fl4663",8,4.00868548521797,2,"artificial"
"fl4762",5,8.14663951120163,2,"artificial"
"fl4786",9,4,2,"artificial"
"fl4815",7,2.81954887218045,2,"artificial"
"fl4835",7,2.59235255994815,2,"artificial"
"fl4860",3,4.40366972477064,2,"artificial"
"fl4894",9,3.75058602906704,2,"artificial"
"fl4944",13,2.22345747637576,2,"artificial"
"fl4986",7,3.26086956521739,2,"artificial"
"fl5014",7,3.85914134105162,2,"artificial"
"fl5063",12,2.40770465489567,2,"artificial"
"fl5082",4,5.49299642955232,2,"artificial"
"fl5282",4,3.84677031575573,2,"artificial"
"fl5310",4,3.77714825306893,2,"artificial"
"fl5345",4,3.79650721336371,2,"artificial"
"fl5377",6,3.90117035110533,2,"artificial"
"fl5394",6,4.742145820984,2,"artificial"
"fl5456",7,4.23728813559322,2,"artificial"
"fl5470",9,4.08302143586254,2,"artificial"
"fl5545",10,2.81524926686217,2,"artificial"
"fl5549",9,2.46659815005139,2,"artificial"
"fl556",6,7.75694893341952,2,"artificial"
"fl559",6,4.32525951557093,2,"artificial"
"fl5591",7,4.32900432900433,2,"artificial"
"fl5600",5,4,2,"artificial"
"fl5668",5,4.74721101352955,2,"artificial"
"fl5704",9,4.54545454545455,2,"artificial"
"fl5757",5,3.93378134732011,2,"artificial"
"fl576",5,5.07829030892933,2,"artificial"
"fl5770",10,4,2,"artificial"
"fl5781",7,4.79386385426654,2,"artificial"
"fl5816",6,3.77536573855592,2,"artificial"
"fl5821",9,2.6578073089701,2,"artificial"
"fl5843",6,4.26136363636364,2,"artificial"
"fl5880",6,3.5799522673031,2,"artificial"
"fl5893",4,4.07539480387162,2,"artificial"
"fl5911",8,2.48087657639032,2,"artificial"
"fl5915",6,4.77516912057302,2,"artificial"
"fl5921",8,4.69483568075117,2,"artificial"
"fl599",3,3.91619345995692,2,"artificial"
"fl6037",11,2.16021602160216,2,"artificial"
"fl6088",6,4.0451710770268,2,"artificial"
"fl6095",7,2.37051084508712,2,"artificial"
"fl6110",10,2.70453008789723,2,"artificial"
"fl6138",7,3.96301188903567,2,"artificial"
"fl6159",7,4.16204217536071,2,"artificial"
"fl6210",10,5.26200394650296,2,"artificial"
"fl6224",2,6.44468313641246,2,"artificial"
"fl6231",8,2.37247924080664,2,"artificial"
"fl6243",10,4,2,"artificial"
"fl6256",5,3.2345013477089,2,"artificial"
"fl626",6,4.742145820984,2,"artificial"
"fl6284",9,3.60198108959928,2,"artificial"
"fl6351",9,3.47926935343578,2,"artificial"
"fl6358",6,4.09724119093144,2,"artificial"
"fl6359",5,4.65008137642409,2,"artificial"
"fl6373",4,4.52488687782805,2,"artificial"
"fl6386",9,2.22098833981122,2,"artificial"
"fl6446",8,2.38166120869306,2,"artificial"
"fl6525",6,3.9925472451424,2,"artificial"
"fl6605",11,2.76243093922652,2,"artificial"
"fl6659",5,5.08001016002032,2,"artificial"
"fl6686",6,4,2,"artificial"
"fl6687",6,3.77536573855592,2,"artificial"
"fl6690",6,4.07747196738022,2,"artificial"
"fl6730",9,2.52259827622451,2,"artificial"
"fl6773",6,4.89995916700694,2,"artificial"
"fl6779",6,4.57317073170732,2,"artificial"
"fl6931",7,4.74495848161329,2,"artificial"
"fl6958",14,1.79694519317161,2,"artificial"
"fl696",10,3.18979266347687,2,"artificial"
"fl7008",8,5.10746967439881,2,"artificial"
"fl720",8,5.29801324503311,2,"artificial"
"fl726",5,5.30152418820411,2,"artificial"
"fl727",6,11.1731843575419,2,"artificial"
"fl7378",6,4.40852314474651,2,"artificial"
"fl738",6,4.08163265306122,2,"artificial"
"fl7459",6,3.8552152495181,2,"artificial"
"fl7460",7,4.75435816164818,2,"artificial"
"fl7511",10,5.06756756756757,2,"artificial"
"fl7556",3,3.84677031575573,2,"artificial"
"fl759",6,4.41095386877412,2,"artificial"
"fl760",6,4.53514739229025,2,"artificial"
"fl7625",6,4,2,"artificial"
"fl7695",12,3.68550368550369,2,"artificial"
"fl7725",5,3.92477514309076,2,"artificial"
"fl7731",5,4,2,"artificial"
"fl7801",7,4.67836257309941,2,"artificial"
"fl7817",8,2.87562904385334,2,"artificial"
"fl7861",7,4,2,"artificial"
"fl789",7,5.02302218501465,2,"artificial"
"fl7901",9,3.13807531380753,2,"artificial"
"fl7909",5,2.60473192967224,2,"artificial"
"fl7935",7,4.39882697947214,2,"artificial"
"fl7965",8,5.65371024734982,2,"artificial"
"fl7998",8,4,2,"artificial"
"fl8003",6,3.85356454720617,2,"artificial"
"fl8006",5,5.73888091822095,2,"artificial"
"fl8023",6,4.65008137642409,2,"artificial"
"fl8043",8,5.54016620498615,2,"artificial"
"fl8053",8,3.29896907216495,2,"artificial"
"fl8063",11,2.7666769136182,2,"artificial"
"fl8097",4,4.062288422478,2,"artificial"
"fl8112",6,4.08580183861083,2,"artificial"
"fl8122",8,3.04491245876681,2,"artificial"
"fl8135",9,3.90243902439024,2,"artificial"
"fl8150",6,4.32900432900433,2,"artificial"
"fl8152",10,3.51185250219491,2,"artificial"
"fl8194",5,4.07539480387162,2,"artificial"
"fl8247",11,2.46761258482418,2,"artificial"
"fl8305",9,3.96039603960396,2,"artificial"
"fl8313",6,6.53061224489796,2,"artificial"
"fl8378",6,3.74765771392879,2,"artificial"
"fl8462",12,3.12581401406616,2,"artificial"
"fl8493",13,2.94985250737463,2,"artificial"
"fl8557",10,3.05227012590614,2,"artificial"
"fl8591",12,2.46406570841889,2,"artificial"
"fl8612",4,4.70957613814757,2,"artificial"
"fl8618",9,5.58659217877095,2,"artificial"
"fl8680",6,5.12601452370782,2,"artificial"
"fl8700",9,5.73613766730401,2,"artificial"
"fl8718",7,3.89736927573888,2,"artificial"
"fl8781",3,4.03958796202787,2,"artificial"
"fl8795",6,3.82714080688885,2,"artificial"
"fl8876",6,4.89995916700694,2,"artificial"
"fl8880",10,3.88098318240621,2,"artificial"
"fl895",6,4.08580183861083,2,"artificial"
"fl8950",10,2.81524926686217,2,"artificial"
"fl8970",5,4.1958041958042,2,"artificial"
"fl8977",8,4.1343669250646,2,"artificial"
"fl904",12,2.89226319595083,2,"artificial"
"fl9065",9,7.31707317073171,2,"artificial"
"fl9087",9,2.36546422235364,2,"artificial"
"fl9096",10,3.89357560025957,2,"artificial"
"fl910",10,2.85442435775452,2,"artificial"
"fl9112",10,4,2,"artificial"
"fl9152",6,4.65008137642409,2,"artificial"
"fl9158",8,3.2458750338112,2,"artificial"
"fl9206",4,4,2,"artificial"
"fl9218",7,3.96628656420426,2,"artificial"
"fl9227",10,3.66748166259169,2,"artificial"
"fl9234",4,5.35475234270415,2,"artificial"
"fl9307",4,3.33333333333333,2,"artificial"
"fl9331",11,1.66204986149584,2,"artificial"
"fl9395",7,4.23728813559322,2,"artificial"
"fl9422",5,4.39882697947214,2,"artificial"
"fl9500",6,4.16204217536071,2,"artificial"
"fl9516",5,5.00312695434647,2,"artificial"
"fl9619",6,4.04858299595142,2,"artificial"
"fl9622",8,5.73613766730401,2,"artificial"
"fl9659",7,4.15512465373961,2,"artificial"
"fl9675",5,3.2626427406199,2,"artificial"
"fl9689",3,4.33275563258232,2,"artificial"
"fl9699",9,5.0093926111459,2,"artificial"
"fl9750",8,3.32042058660764,2,"artificial"
"fl9929",6,3.77536573855592,2,"artificial"
"fl995",6,3.830194701564,2,"artificial"
"fl9987",10,5.06756756756757,2,"artificial"
"fl1076",14,2.32468035645099,3,"artificial"
"fl1160",8,6.10997963340122,3,"artificial"
"fl1190",7,5.95829195630586,3,"artificial"
"fl166",11,3.0298439630359,3,"artificial"
"fl1695",11,2.17627856365615,3,"artificial"
"fl1744",14,2.51414204902577,3,"artificial"
"fl1799",8,3.15706393054459,3,"artificial"
"fl1947",6,5.94353640416048,3,"artificial"
"fl2083",7,4.4280442804428,3,"artificial"
"fl2101",8,4.23579244617014,3,"artificial"
"fl2129",15,1.89543516032222,3,"artificial"
"fl2172",3,5.32032808689869,3,"artificial"
"fl2191",11,3.08522946394138,3,"artificial"
"fl2253",16,3.03989867004433,3,"artificial"
"fl2302",10,2.95639320029564,3,"artificial"
"fl2305",9,3.18066157760814,3,"artificial"
"fl2363",11,3,3,"artificial"
"fl2577",10,3.77477194086191,3,"artificial"
"fl2695",13,3.17376355461518,3,"artificial"
"fl2888",14,3.15126050420168,3,"artificial"
"fl2942",11,4.43951165371809,3,"artificial"
"fl2983",5,4.526593738212,3,"artificial"
"fl2995",5,5.30973451327433,3,"artificial"
"fl3040",13,2.67916945746818,3,"artificial"
"fl3100",13,4.10443507011743,3,"artificial"
"fl3132",5,3.95335046451868,3,"artificial"
"fl3210",11,3.16539171722501,3,"artificial"
"fl3250",5,4.526593738212,3,"artificial"
"fl3319",11,3,3,"artificial"
"fl3560",3,5.32032808689869,3,"artificial"
"fl3565",9,3.32594235033259,3,"artificial"
"fl3593",5,3.35871025526198,3,"artificial"
"fl3656",8,4.79904019196161,3,"artificial"
"fl3776",14,2.18142155971642,3,"artificial"
"fl379",4,4.64900046490005,3,"artificial"
"fl382",10,2.99475917144996,3,"artificial"
"fl3940",12,2.46254873794377,3,"artificial"
"fl4184",8,3.2232070910556,3,"artificial"
"fl4309",7,2.53244697689142,3,"artificial"
"fl4345",9,4.43458980044346,3,"artificial"
"fl436",9,2.98507462686567,3,"artificial"
"fl437",11,3.0686612965094,3,"artificial"
"fl4503",7,4.49269936353426,3,"artificial"
"fl4514",6,4.70588235294118,3,"artificial"
"fl4535",11,3.90815828041036,3,"artificial"
"fl4886",6,3.17586343787217,3,"artificial"
"fl4898",6,4.70588235294118,3,"artificial"
"fl4905",9,3.83877159309021,3,"artificial"
"fl4910",8,5.94353640416047,3,"artificial"
"fl5048",11,6.00901352028042,3,"artificial"
"fl5224",9,3,3,"artificial"
"fl5243",11,3.08324768756423,3,"artificial"
"fl5264",4,4.55114347479804,3,"artificial"
"fl5279",12,4.02864816472695,3,"artificial"
"fl5313",12,2.32153221125943,3,"artificial"
"fl5432",10,3.90053632374451,3,"artificial"
"fl5528",10,3.03643724696356,3,"artificial"
"fl5542",15,2.32858990944373,3,"artificial"
"fl5671",7,4.3525571273123,3,"artificial"
"fl5727",7,4.20978775653394,3,"artificial"
"fl5786",3,4.54235748353395,3,"artificial"
"fl5819",8,5.96896140071628,3,"artificial"
"fl5984",16,2.57234726688103,3,"artificial"
"fl6085",8,3.79266750948167,3,"artificial"
"fl6153",8,2.83085633404105,3,"artificial"
"fl6195",7,4.70588235294118,3,"artificial"
"fl6318",8,3.47826086956522,3,"artificial"
"fl6416",11,3.97877984084881,3,"artificial"
"fl6423",9,2.93470286133529,3,"artificial"
"fl6466",12,3.18809776833156,3,"artificial"
"fl6519",10,3.95256916996047,3,"artificial"
"fl6538",7,4.24478245489919,3,"artificial"
"fl6704",12,2.78745644599303,3,"artificial"
"fl6723",6,6.34584875727128,3,"artificial"
"fl6817",9,2.9927674785934,3,"artificial"
"fl6860",7,2.924689251767,3,"artificial"
"fl6928",5,4.51110860493966,3,"artificial"
"fl703",8,4.49269936353426,3,"artificial"
"fl7111",12,2.3879013000796,3,"artificial"
"fl7161",7,4.35287289611143,3,"artificial"
"fl7290",10,2.80833138310321,3,"artificial"
"fl7615",10,2.8116213683224,3,"artificial"
"fl7638",7,2.75862068965517,3,"artificial"
"fl785",7,5.96896140071628,3,"artificial"
"fl8110",6,4.39319055464031,3,"artificial"
"fl8125",12,2.70697044890593,3,"artificial"
"fl8200",9,3.77477194086191,3,"artificial"
"fl8207",7,3.19021666888209,3,"artificial"
"fl8250",8,3.12174817898023,3,"artificial"
"fl8261",10,3.27510917030568,3,"artificial"
"fl8368",7,3.3468135545949,3,"artificial"
"fl8552",10,2.77157594887982,3,"artificial"
"fl857",12,3.07141028922447,3,"artificial"
"fl869",5,3.65831351746845,3,"artificial"
"fl8793",7,4.41988950276243,3,"artificial"
"fl8851",7,4.3525571273123,3,"artificial"
"fl897",9,2.64900662251656,3,"artificial"
"fl9071",7,2.98359025360517,3,"artificial"
"fl9182",10,3.3500837520938,3,"artificial"
"fl9195",11,3.22407307898979,3,"artificial"
"fl9355",3,4.50180072028811,3,"artificial"
"fl9451",6,4.71087033329408,3,"artificial"
"fl9551",5,4.52847277255745,3,"artificial"
"fl9585",8,3.91304347826087,3,"artificial"
"fl9634",11,2.71739130434783,3,"artificial"
"fl9793",7,3.56665180561748,3,"artificial"
